Nb process http,Nb process php,Cpu http,Cpu php
225.0,34.0,0.09,22.18
237.0,40.0,0.41,24.99
216.0,36.0,0.13,23.59
236.0,39.0,0.25,29.38
235.0,35.0,0.15,22.46
245.0,33.0,0.36,21.11
255.0,37.0,0.33,24.8
227.0,36.0,0.06,23.33
244.0,36.0,0.38,23.82
254.0,35.0,0.33,23.47
208.0,35.0,0.03,22.48
224.0,36.0,0.33,23.39
272.0,37.0,0.47,26.71
231.0,38.0,0.06,27.34
242.0,34.0,0.59,22.27
241.0,34.0,0.09,22.26
255.0,33.0,0.47,21.29
209.0,33.0,0.04,22.57
253.0,33.0,0.91,22.25
203.0,35.0,0.09,22.29
223.0,36.0,0.42,22.46
227.0,34.0,0.19,23.52
243.0,41.0,0.4,26.47
254.0,35.0,0.45,23.21
252.0,39.0,0.07,27.15
224.0,36.0,0.03,24.02
240.0,33.0,0.11,21.59
249.0,36.0,0.38,24.61
237.0,34.0,0.11,22.82
236.0,33.0,0.11,22.18
249.0,36.0,0.24,25.25
228.0,37.0,0.1,25.31
273.0,37.0,0.47,26.96
231.0,36.0,0.03,25.45
245.0,33.0,0.4,21.56
233.0,37.0,0.05,25.31
279.0,35.0,0.78,25.24
242.0,38.0,0.09,26.46
225.0,36.0,0.04,25.09
254.0,36.0,0.19,26.2
266.0,34.0,0.68,23.56
275.0,34.0,0.59,23.24
295.0,36.0,0.82,27.31
240.0,31.0,0.08,20.98
282.0,31.0,1.47,21.26
258.0,33.0,0.29,22.58
241.0,36.0,0.07,26.43
251.0,36.0,0.44,29.52
261.0,33.0,0.37,22.66
237.0,41.0,0.29,27.1
224.0,45.0,0.26,26.39
237.0,35.0,0.55,20.23
259.0,35.0,1.34,21.5
222.0,34.0,0.19,20.17
244.0,32.0,0.81,19.86
206.0,33.0,0.09,20.77
201.0,33.0,0.08,21.04
249.0,37.0,0.64,23.94
235.0,37.0,0.19,26.0
221.0,35.0,0.04,23.9
270.0,34.0,1.02,21.68
279.0,38.0,0.79,25.81
255.0,40.0,0.24,25.64
265.0,35.0,0.68,21.54
245.0,33.0,0.21,20.06
222.0,34.0,0.38,21.29
243.0,34.0,0.92,21.27
217.0,34.0,0.1,21.33
209.0,32.0,0.26,21.09
257.0,34.0,1.08,21.89
236.0,38.0,0.29,28.34
207.0,35.0,0.19,23.27
235.0,36.0,0.6,26.44
193.0,35.0,0.07,22.38
216.0,33.0,0.23,20.52
231.0,32.0,0.34,21.18
231.0,38.0,0.28,25.44
216.0,33.0,0.21,21.05
226.0,34.0,0.99,21.89
182.0,34.0,0.06,21.72
214.0,35.0,0.37,21.96
214.0,36.0,0.18,22.91
261.0,36.0,1.54,23.51
215.0,39.0,0.06,26.41
249.0,37.0,0.76,24.48
263.0,40.0,0.9,23.59
214.0,38.0,0.06,25.21
222.0,34.0,0.12,21.64
247.0,34.0,0.36,21.59
193.0,33.0,0.03,22.36
230.0,33.0,0.62,20.77
218.0,33.0,0.37,21.42
210.0,36.0,0.41,22.96
224.0,35.0,0.48,22.59
217.0,36.0,0.07,22.66
198.0,35.0,0.06,21.94
244.0,32.0,0.61,20.48
207.0,35.0,0.03,22.64
203.0,35.0,0.11,23.79
251.0,36.0,0.49,22.15
230.0,37.0,0.08,23.02
198.0,35.0,0.04,22.26
229.0,32.0,0.54,19.68
220.0,32.0,0.03,20.46
201.0,36.0,0.42,24.01
230.0,34.0,0.38,20.61
200.0,34.0,0.03,21.21
218.0,35.0,0.34,20.52
206.0,33.0,0.32,20.1
191.0,33.0,0.02,20.98
207.0,32.0,0.82,20.55
203.0,32.0,0.19,20.42
217.0,35.0,0.54,21.74
205.0,35.0,0.21,22.25
221.0,35.0,0.49,21.54
205.0,37.0,0.06,23.52
227.0,36.0,0.57,22.19
219.0,36.0,0.09,21.39
236.0,35.0,0.25,23.59
268.0,39.0,1.28,23.79
224.0,31.0,0.95,18.55
196.0,33.0,0.03,20.11
220.0,32.0,1.19,20.11
238.0,33.0,0.61,20.32
189.0,32.0,2.04,20.11
233.0,33.0,0.69,20.82
242.0,36.0,0.79,23.8
204.0,35.0,0.14,22.11
220.0,36.0,0.48,22.07
201.0,36.0,0.03,22.0
237.0,33.0,0.86,19.66
252.0,40.0,1.12,23.59
205.0,36.0,0.18,19.62
247.0,34.0,0.45,19.64
202.0,33.0,0.02,19.72
211.0,34.0,0.44,19.39
226.0,33.0,0.96,19.36
235.0,35.0,0.82,20.99
243.0,36.0,0.59,20.73
223.0,33.0,0.29,19.94
238.0,35.0,0.53,22.43
180.0,46.0,0.01,22.95
171.0,93.0,0.01,33.7
265.0,87.0,0.29,33.25
242.0,44.0,0.16,15.96
253.0,41.0,0.24,16.46
262.0,33.0,0.97,17.25
231.0,39.0,0.12,17.09
226.0,37.0,0.14,19.64
275.0,38.0,0.91,17.48
252.0,36.0,0.17,18.46
221.0,33.0,0.03,18.11
235.0,34.0,0.82,17.73
208.0,37.0,0.11,19.8
219.0,35.0,0.79,19.74
222.0,41.0,0.14,19.18
213.0,35.0,0.38,19.27
201.0,37.0,0.12,19.61
243.0,36.0,1.28,19.56
249.0,34.0,0.18,18.71
211.0,33.0,1.17,17.75
197.0,33.0,0.04,18.87
190.0,32.0,5.83,18.09
195.0,32.0,1.11,19.74
227.0,32.0,1.39,19.54
195.0,32.0,1.26,20.02
173.0,32.0,0.04,19.69
189.0,32.0,7.52,20.13
193.0,33.0,0.05,20.61
227.0,36.0,0.69,21.11
239.0,40.0,0.81,21.43
251.0,35.0,1.39,18.88
197.0,34.0,0.33,18.27
190.0,34.0,0.05,18.53
179.0,34.0,2.8,21.34
184.0,34.0,0.08,19.84
207.0,34.0,0.66,20.21
199.0,34.0,0.17,20.43
201.0,33.0,0.11,19.98
192.0,34.0,1.77,20.24
180.0,34.0,0.28,20.56
186.0,33.0,0.02,19.79
213.0,33.0,0.86,20.79
219.0,33.0,1.55,20.11
173.0,34.0,0.04,18.63
189.0,35.0,0.33,20.16
161.0,34.0,1.11,19.98
176.0,32.0,2.06,18.41
211.0,33.0,0.57,20.29
225.0,35.0,1.11,21.2
189.0,35.0,0.09,21.62
226.0,33.0,0.96,19.98
186.0,34.0,0.07,20.74
190.0,35.0,0.11,19.63
210.0,31.0,1.31,19.86
180.0,32.0,0.19,19.62
177.0,33.0,0.03,20.32
187.0,35.0,0.19,20.27
190.0,34.0,0.04,21.56
194.0,37.0,0.08,21.43
195.0,34.0,0.31,20.93
206.0,34.0,0.22,20.82
223.0,33.0,0.44,20.85
217.0,37.0,0.13,21.69
213.0,34.0,0.16,21.14
233.0,35.0,0.93,20.56
215.0,34.0,0.16,20.59
204.0,33.0,0.12,19.94
207.0,33.0,0.03,20.8
230.0,33.0,0.72,20.61
207.0,35.0,0.2,19.86
237.0,33.0,0.54,19.96
198.0,34.0,0.04,20.71
209.0,33.0,0.17,19.99
222.0,33.0,0.14,20.75
200.0,34.0,0.08,20.66
220.0,35.0,1.2,19.79
219.0,33.0,0.06,19.58
200.0,32.0,0.05,19.49
209.0,33.0,0.17,20.88
230.0,33.0,0.92,20.32
208.0,35.0,0.28,20.05
226.0,35.0,1.16,21.38
204.0,35.0,0.17,21.29
248.0,34.0,1.39,21.19
203.0,32.0,0.13,19.93
229.0,35.0,1.67,20.34
212.0,32.0,0.32,19.15
223.0,32.0,1.45,18.5
214.0,32.0,0.49,19.52
197.0,32.0,0.44,19.91
196.0,32.0,0.24,19.82
187.0,31.0,0.46,19.94
203.0,34.0,0.6,22.87
218.0,34.0,1.68,21.91
229.0,33.0,0.99,20.71
210.0,33.0,0.24,20.34
231.0,33.0,0.42,19.95
196.0,33.0,0.03,20.61
185.0,33.0,0.33,20.33
229.0,34.0,0.81,20.43
206.0,31.0,0.2,18.05
216.0,33.0,1.57,19.73
232.0,32.0,0.92,18.54
245.0,31.0,1.1,18.26
206.0,32.0,0.1,18.31
192.0,32.0,0.39,19.27
195.0,33.0,0.08,20.45
225.0,32.0,1.68,19.57
207.0,32.0,0.68,19.77
216.0,34.0,0.05,20.96
226.0,32.0,1.54,19.28
201.0,32.0,0.35,19.8
196.0,32.0,0.38,19.98
215.0,34.0,1.69,20.88
239.0,32.0,1.21,19.3
251.0,33.0,0.72,21.36
229.0,33.0,0.28,20.33
212.0,33.0,0.21,20.76
243.0,33.0,1.18,20.96
224.0,33.0,0.3,20.25
215.0,32.0,0.23,19.48
207.0,32.0,0.24,19.85
226.0,33.0,2.08,20.61
210.0,33.0,0.46,20.76
207.0,32.0,0.44,20.28
226.0,33.0,1.68,20.77
211.0,32.0,0.26,20.19
234.0,35.0,1.26,20.64
222.0,32.0,0.15,19.99
209.0,32.0,0.04,19.51
194.0,32.0,0.03,19.46
189.0,33.0,0.35,20.29
203.0,32.0,0.36,19.81
219.0,33.0,0.66,20.16
240.0,32.0,0.75,19.26
212.0,32.0,0.07,19.69
201.0,32.0,0.04,19.62
206.0,33.0,2.84,20.52
235.0,35.0,0.3,21.81
215.0,33.0,0.26,20.73
200.0,33.0,0.31,20.36
227.0,35.0,1.19,21.81
208.0,33.0,0.24,20.16
200.0,33.0,0.14,20.49
209.0,33.0,0.1,20.1
188.0,34.0,0.04,20.93
192.0,33.0,0.27,20.44
220.0,32.0,1.67,19.49
190.0,34.0,0.12,21.09
208.0,33.0,1.24,20.54
225.0,33.0,0.83,20.51
210.0,32.0,0.47,19.28
227.0,33.0,0.8,19.67
213.0,32.0,0.57,18.76
229.0,31.0,1.41,18.06
210.0,32.0,0.27,19.56
222.0,33.0,1.73,19.74
235.0,32.0,2.01,18.64
233.0,33.0,0.44,19.59
226.0,34.0,0.11,20.01
207.0,36.0,0.78,22.9
192.0,32.0,0.53,19.74
223.0,33.0,1.4,19.63
238.0,34.0,2.51,20.62
249.0,32.0,2.06,19.7
218.0,35.0,0.13,21.16
234.0,32.0,0.83,18.7
228.0,34.0,0.1,20.26
238.0,33.0,1.16,19.33
250.0,34.0,0.63,20.14
219.0,33.0,0.06,19.29
237.0,32.0,1.22,18.88
257.0,33.0,0.69,19.44
267.0,32.0,1.31,19.9
243.0,32.0,0.39,19.48
223.0,31.0,0.14,18.82
237.0,32.0,1.56,18.98
220.0,31.0,0.77,18.78
214.0,32.0,0.47,19.68
207.0,32.0,0.61,19.39
209.0,32.0,0.19,20.01
240.0,33.0,3.31,20.71
223.0,33.0,0.52,21.12
207.0,32.0,0.39,20.35
207.0,32.0,0.2,20.65
235.0,34.0,3.31,20.79
214.0,33.0,1.8,20.19
226.0,33.0,0.97,20.12
194.0,32.0,0.07,20.07
191.0,32.0,0.15,19.43
183.0,31.0,0.03,19.27
195.0,32.0,0.46,19.52
224.0,33.0,3.08,20.17
222.0,33.0,0.5,20.06
226.0,33.0,0.08,20.26
242.0,34.0,0.56,20.38
210.0,34.0,0.06,20.38
230.0,32.0,0.09,19.05
238.0,33.0,0.15,20.06
230.0,31.0,0.34,18.59
216.0,32.0,0.05,20.09
206.0,33.0,0.24,20.56
196.0,31.0,0.07,19.07
184.0,32.0,0.04,19.36
178.0,33.0,0.04,20.49
173.0,32.0,0.07,20.31
211.0,35.0,0.8,20.71
202.0,34.0,0.23,21.12
192.0,33.0,0.06,20.31
192.0,33.0,0.21,20.04
199.0,34.0,0.16,19.84
216.0,32.0,1.43,19.8
197.0,33.0,0.43,20.37
210.0,32.0,0.54,19.64
194.0,31.0,0.54,18.86
190.0,32.0,0.29,19.96
183.0,32.0,0.03,19.76
187.0,33.0,0.11,20.04
217.0,32.0,1.53,19.77
195.0,33.0,0.88,20.29
181.0,34.0,0.07,19.24
184.0,32.0,0.71,19.57
193.0,32.0,0.29,19.24
198.0,33.0,0.63,19.43
181.0,36.0,0.09,20.34
216.0,34.0,3.66,19.61
192.0,33.0,1.19,19.45
226.0,35.0,0.82,20.13
212.0,35.0,0.38,20.77
203.0,34.0,0.36,19.82
213.0,35.0,0.64,20.26
198.0,33.0,0.58,18.07
220.0,32.0,0.89,18.74
219.0,35.0,0.03,19.66
210.0,33.0,0.4,19.38
202.0,34.0,0.46,18.91
222.0,31.0,3.68,19.12
233.0,32.0,2.79,19.51
208.0,32.0,0.38,18.99
223.0,33.0,1.79,18.58
235.0,34.0,3.54,19.78
189.0,34.0,0.04,18.69
212.0,32.0,3.07,19.04
197.0,32.0,0.54,18.96
189.0,33.0,0.69,18.92
203.0,33.0,0.61,20.83
198.0,34.0,0.86,21.26
218.0,34.0,2.87,20.21
209.0,33.0,1.08,19.96
220.0,32.0,2.24,19.91
204.0,33.0,0.64,20.61
221.0,34.0,1.28,20.23
233.0,33.0,3.19,19.57
245.0,34.0,7.93,19.02
255.0,36.0,1.49,19.98
225.0,33.0,0.09,19.21
218.0,33.0,0.05,20.33
204.0,33.0,0.3,19.72
222.0,32.0,5.81,18.86
203.0,33.0,2.01,19.41
222.0,32.0,2.09,20.72
234.0,32.0,1.1,19.76
215.0,33.0,1.02,20.54
234.0,35.0,5.8,20.79
214.0,33.0,1.27,19.89
229.0,34.0,3.32,21.66
242.0,33.0,2.36,20.19
218.0,33.0,0.87,20.44
202.0,33.0,1.21,20.11
219.0,33.0,4.43,20.25
238.0,34.0,0.28,20.06
214.0,34.0,1.11,22.27
224.0,33.0,8.2,21.01
201.0,34.0,1.51,21.48
212.0,33.0,0.82,20.13
191.0,34.0,0.42,21.13
206.0,36.0,6.07,19.51
217.0,33.0,8.82,18.94
199.0,33.0,0.62,20.06
213.0,33.0,0.75,19.54
195.0,34.0,0.16,21.0
216.0,34.0,9.2,20.49
231.0,34.0,6.99,19.26
241.0,35.0,1.43,19.49
220.0,36.0,0.05,18.77
261.0,34.0,0.41,19.84
206.0,34.0,0.25,20.17
227.0,33.0,0.14,19.47
245.0,34.0,0.33,20.54
255.0,33.0,0.19,19.77
242.0,34.0,0.11,18.56
221.0,33.0,0.06,20.19
249.0,34.0,0.04,19.52
259.0,34.0,0.54,18.43
231.0,32.0,0.03,17.26
209.0,33.0,0.03,19.36
207.0,32.0,0.03,18.56
213.0,34.0,0.03,19.29
200.0,33.0,0.05,20.29
192.0,32.0,0.01,19.54
206.0,34.0,0.03,20.63
189.0,34.0,0.01,21.11
258.0,35.0,0.01,20.05
200.0,35.0,0.08,20.32
173.0,33.0,0.04,21.58
204.0,33.0,0.04,20.61
221.0,33.0,0.14,21.31
187.0,34.0,0.04,21.06
212.0,33.0,0.02,20.75
229.0,36.0,0.07,21.3
185.0,33.0,0.1,20.77
204.0,33.0,0.04,19.63
235.0,35.0,0.02,20.56
211.0,35.0,0.07,18.93
224.0,35.0,0.04,19.39
199.0,33.0,0.18,19.13
194.0,33.0,0.15,19.61
218.0,34.0,0.03,20.32
195.0,34.0,0.06,19.66
181.0,34.0,0.02,20.32
184.0,35.0,0.05,20.98
218.0,36.0,0.03,20.27
182.0,34.0,0.05,20.79
208.0,34.0,0.27,19.24
209.0,32.0,0.07,19.86
195.0,33.0,0.03,19.27
214.0,34.0,0.04,20.82
193.0,32.0,0.17,18.39
216.0,32.0,0.04,19.29
236.0,32.0,0.19,18.98
214.0,32.0,0.04,21.1
181.0,33.0,0.01,20.86
213.0,31.0,0.01,20.17
202.0,34.0,0.14,21.61
193.0,33.0,0.06,20.86
209.0,33.0,0.04,21.16
223.0,31.0,0.09,19.89
186.0,33.0,0.13,20.78
209.0,32.0,0.03,19.04
218.0,32.0,0.14,19.25
229.0,33.0,0.02,20.85
237.0,33.0,0.13,20.4
247.0,32.0,0.07,19.39
224.0,33.0,0.12,20.46
207.0,34.0,0.04,19.66
205.0,33.0,0.04,20.14
194.0,33.0,0.03,19.38
231.0,33.0,0.03,19.46
209.0,33.0,0.06,20.69
199.0,34.0,0.02,20.44
217.0,34.0,0.03,20.45
229.0,33.0,0.04,19.39
212.0,33.0,0.06,19.85
231.0,33.0,0.03,19.29
198.0,32.0,0.08,20.18
222.0,34.0,0.04,21.05
232.0,34.0,0.09,20.09
247.0,34.0,0.07,20.04
201.0,34.0,0.09,20.33
215.0,33.0,0.01,19.31
199.0,34.0,0.06,19.98
216.0,34.0,0.03,21.08
260.0,34.0,0.24,21.06
238.0,35.0,0.16,20.84
249.0,32.0,0.07,19.23
236.0,34.0,0.17,20.22
224.0,33.0,0.08,19.65
220.0,33.0,0.07,20.14
242.0,33.0,0.02,20.73
206.0,34.0,0.03,20.91
201.0,31.0,0.04,19.01
211.0,32.0,0.04,19.41
216.0,34.0,0.03,21.71
188.0,33.0,0.03,20.99
234.0,34.0,0.05,21.25
188.0,33.0,0.05,21.88
196.0,33.0,0.03,21.01
200.0,32.0,0.01,20.18
232.0,32.0,0.04,20.9
241.0,33.0,0.17,19.89
250.0,31.0,0.06,18.72
231.0,31.0,0.04,19.8
198.0,34.0,0.03,22.77
222.0,34.0,0.02,20.34
210.0,34.0,0.03,20.88
193.0,31.0,0.03,20.45
212.0,33.0,0.03,19.92
229.0,32.0,0.02,20.11
203.0,33.0,0.07,21.44
191.0,34.0,0.04,21.36
204.0,36.0,0.16,22.23
189.0,34.0,0.07,20.39
190.0,33.0,0.03,19.99
192.0,35.0,0.04,20.98
172.0,33.0,0.04,20.91
196.0,34.0,0.04,20.66
205.0,32.0,0.14,19.15
219.0,33.0,0.05,20.01
182.0,34.0,0.13,20.89
173.0,33.0,0.06,20.93
185.0,33.0,0.07,21.07
194.0,32.0,0.17,19.56
195.0,33.0,0.07,21.46
224.0,33.0,0.04,21.01
189.0,36.0,0.04,22.84
176.0,35.0,0.02,22.06
185.0,33.0,0.21,21.74
180.0,34.0,0.03,22.16
182.0,33.0,0.04,20.89
202.0,34.0,0.04,21.54
181.0,32.0,0.01,20.08
214.0,32.0,0.1,20.19
185.0,34.0,0.03,19.93
227.0,34.0,0.02,19.93
191.0,34.0,0.04,21.08
189.0,34.0,0.07,20.91
177.0,34.0,0.01,20.31
205.0,35.0,0.05,21.51
186.0,33.0,0.03,20.49
160.0,35.0,0.02,21.24
185.0,34.0,0.11,20.14
219.0,35.0,0.12,22.44
185.0,32.0,0.02,19.98
191.0,35.0,0.08,21.89
198.0,32.0,0.06,21.28
162.0,33.0,0.02,21.64
185.0,35.0,0.04,22.02
199.0,33.0,0.07,20.94
213.0,35.0,0.06,22.94
245.0,34.0,0.06,22.2
189.0,34.0,0.05,21.64
200.0,33.0,0.07,20.82
209.0,33.0,0.03,20.78
169.0,33.0,0.02,19.92
181.0,35.0,0.14,19.44
190.0,33.0,0.17,20.48
200.0,33.0,0.21,20.26
173.0,35.0,0.02,20.21
189.0,35.0,0.07,20.14
231.0,34.0,0.24,19.26
173.0,33.0,0.04,19.81
187.0,34.0,0.2,20.57
171.0,35.0,0.05,20.04
182.0,35.0,0.19,21.18
223.0,34.0,0.16,19.72
175.0,35.0,0.04,19.84
182.0,36.0,0.09,20.77
203.0,35.0,0.04,20.49
186.0,34.0,0.01,19.68
228.0,35.0,0.17,21.85
207.0,36.0,0.06,21.36
176.0,34.0,0.02,20.32
182.0,35.0,0.03,21.89
221.0,36.0,0.07,20.59
195.0,34.0,0.02,20.36
180.0,36.0,0.04,21.19
223.0,37.0,0.16,23.83
184.0,35.0,0.02,22.83
184.0,33.0,0.03,21.09
230.0,36.0,0.07,23.23
217.0,35.0,0.06,22.48
239.0,36.0,0.19,21.32
208.0,38.0,0.04,21.48
203.0,37.0,0.07,22.68
215.0,37.0,0.1,23.33
201.0,34.0,0.02,22.66
248.0,32.0,0.06,21.23
192.0,36.0,0.02,22.07
207.0,37.0,0.05,21.02
226.0,36.0,0.19,23.43
202.0,36.0,0.05,22.89
220.0,39.0,0.03,24.91
202.0,36.0,0.04,23.43
246.0,36.0,0.07,24.83
208.0,37.0,0.02,25.18
219.0,39.0,0.03,25.43
227.0,36.0,0.07,23.83
206.0,38.0,0.05,21.24
222.0,36.0,0.06,21.94
219.0,35.0,0.04,22.3
231.0,34.0,0.07,22.12
215.0,37.0,0.03,23.47
215.0,35.0,0.02,22.86
213.0,38.0,0.04,26.17
215.0,37.0,0.04,25.51
201.0,37.0,0.07,27.39
209.0,36.0,0.03,26.14
219.0,36.0,0.09,26.77
230.0,35.0,0.11,26.36
264.0,39.0,0.09,24.41
234.0,37.0,0.05,22.42
224.0,33.0,0.02,23.62
264.0,35.0,0.02,23.3
245.0,33.0,0.03,24.52
239.0,36.0,0.04,26.86
252.0,36.0,0.03,28.31
221.0,36.0,0.04,32.5
231.0,37.0,0.06,27.83
254.0,36.0,0.11,27.44
263.0,38.0,0.09,26.97
240.0,36.0,0.08,26.89
267.0,35.0,0.06,27.75
251.0,36.0,0.09,28.39
231.0,39.0,0.02,33.25
245.0,37.0,0.12,31.19
254.0,37.0,0.11,30.99
231.0,37.0,0.03,30.85
241.0,40.0,0.23,33.78
224.0,39.0,0.03,32.0
238.0,38.0,0.04,28.84
239.0,36.0,0.04,28.76
263.0,37.0,0.09,28.64
239.0,37.0,0.02,30.47
262.0,39.0,0.07,34.78
268.0,33.0,0.07,34.23
220.0,35.0,0.03,32.46
250.0,38.0,0.19,35.84
220.0,40.0,0.07,31.83
253.0,40.0,0.04,32.38
269.0,38.0,0.07,31.24
259.0,39.0,0.03,28.7
256.0,37.0,0.03,27.9
263.0,40.0,0.03,29.76
253.0,37.0,0.03,29.02
271.0,37.0,0.03,34.28
274.0,37.0,0.04,41.82
251.0,40.0,0.01,38.42
257.0,37.0,0.01,36.48
265.0,40.0,0.08,35.24
271.0,39.0,0.07,40.34
249.0,40.0,0.04,37.51
268.0,41.0,0.14,33.73
259.0,42.0,0.06,46.82
272.0,38.0,0.03,34.33
274.0,37.0,0.05,35.45
273.0,40.0,0.03,40.22
268.0,38.0,0.01,40.11
261.0,43.0,0.01,40.38
262.0,42.0,0.01,37.27
281.0,44.0,0.02,44.81
268.0,39.0,0.03,36.78
263.0,42.0,0.04,37.12
261.0,37.0,0.01,34.67
275.0,45.0,0.05,44.83
270.0,40.0,0.04,39.56
268.0,43.0,0.03,43.27
271.0,40.0,0.04,38.5
258.0,47.0,0.01,39.96
265.0,40.0,0.02,39.04
271.0,38.0,0.01,35.95
274.0,41.0,0.04,35.62
271.0,41.0,0.02,34.47
264.0,39.0,0.01,34.85
261.0,42.0,0.04,37.31
278.0,45.0,0.04,42.05
263.0,42.0,0.03,35.69
266.0,42.0,0.01,36.53
263.0,40.0,0.03,32.62
275.0,38.0,0.03,34.34
262.0,39.0,0.03,33.44
260.0,39.0,0.03,37.31
269.0,40.0,0.03,36.29
272.0,45.0,0.01,43.48
259.0,37.0,0.04,34.98
262.0,40.0,0.03,39.54
268.0,46.0,0.07,45.5
266.0,43.0,0.03,39.73
266.0,41.0,0.03,42.52
265.0,47.0,0.01,51.27
268.0,42.0,0.01,35.73
268.0,42.0,0.06,34.17
271.0,41.0,0.04,33.86
262.0,40.0,0.03,36.03
265.0,43.0,0.07,38.91
268.0,41.0,0.04,43.23
271.0,48.0,0.03,44.39
263.0,42.0,0.01,36.41
266.0,40.0,0.04,34.78
266.0,41.0,0.05,36.31
264.0,40.0,0.04,38.41
261.0,39.0,0.04,37.63
253.0,38.0,0.04,39.31
262.0,43.0,0.05,43.62
258.0,41.0,0.01,40.41
264.0,45.0,0.05,44.52
265.0,43.0,0.05,41.7
260.0,44.0,0.07,43.96
264.0,45.0,0.04,40.04
272.0,44.0,0.06,42.84
269.0,48.0,0.02,42.76
266.0,42.0,0.01,36.31
272.0,49.0,0.01,40.91
278.0,41.0,0.01,34.02
298.0,40.0,0.03,31.81
269.0,41.0,0.02,33.36
270.0,39.0,0.04,38.34
261.0,40.0,0.01,39.65
264.0,43.0,0.04,41.08
265.0,42.0,0.02,41.05
253.0,46.0,0.02,44.17
263.0,47.0,0.03,49.39
265.0,41.0,0.02,42.71
264.0,39.0,0.01,34.74
268.0,42.0,0.05,37.28
266.0,40.0,0.06,38.89
258.0,42.0,0.03,36.92
261.0,38.0,0.03,31.86
263.0,41.0,0.01,34.54
259.0,40.0,0.01,33.86
264.0,41.0,0.06,36.33
270.0,40.0,0.02,34.12
264.0,36.0,0.01,29.49
266.0,39.0,0.01,33.21
266.0,45.0,0.03,38.62
258.0,44.0,0.07,38.69
264.0,42.0,0.05,38.11
268.0,46.0,0.01,42.99
261.0,43.0,0.02,39.74
256.0,43.0,0.03,37.41
267.0,47.0,0.05,45.65
258.0,40.0,0.02,33.54
268.0,41.0,0.01,39.67
268.0,44.0,0.01,43.07
267.0,38.0,0.01,38.03
270.0,43.0,0.01,36.09
249.0,42.0,0.01,33.56
268.0,45.0,0.04,33.79
243.0,42.0,0.06,35.54
253.0,41.0,0.09,36.19
243.0,45.0,0.04,36.03
259.0,44.0,0.06,33.61
242.0,43.0,0.04,37.74
270.0,41.0,0.17,34.77
272.0,44.0,0.06,37.02
261.0,42.0,0.04,33.16
272.0,43.0,0.05,34.0
262.0,45.0,0.03,33.83
255.0,44.0,0.01,35.64
267.0,42.0,0.05,35.56
264.0,42.0,0.04,34.42
256.0,43.0,0.06,36.48
266.0,42.0,0.06,32.52
268.0,44.0,0.04,38.95
260.0,36.0,0.01,34.77
265.0,38.0,0.04,34.49
273.0,41.0,0.07,31.56
271.0,43.0,0.05,31.5
278.0,48.0,0.04,37.86
257.0,44.0,0.03,36.84
268.0,43.0,0.04,39.08
263.0,44.0,0.04,38.59
270.0,44.0,0.04,34.39
253.0,40.0,0.05,36.71
268.0,42.0,0.02,37.94
267.0,40.0,0.02,33.76
267.0,41.0,0.02,32.11
275.0,42.0,0.01,32.12
270.0,45.0,0.02,33.14
272.0,43.0,0.06,33.7
270.0,44.0,0.01,34.49
264.0,43.0,0.01,37.11
258.0,40.0,0.02,36.48
245.0,43.0,0.02,37.39
273.0,43.0,0.25,38.05
267.0,40.0,0.08,31.59
270.0,41.0,0.04,32.31
266.0,39.0,0.01,28.93
271.0,39.0,0.01,30.31
273.0,38.0,0.03,28.54
271.0,48.0,0.06,31.51
273.0,46.0,0.06,31.16
261.0,44.0,0.01,38.38
262.0,38.0,0.01,39.9
270.0,39.0,0.01,37.84
267.0,39.0,0.03,32.78
271.0,40.0,0.01,34.95
263.0,39.0,0.0,32.5
265.0,41.0,0.02,32.59
255.0,42.0,0.02,33.28
259.0,43.0,0.03,32.69
282.0,49.0,0.08,40.01
258.0,49.0,0.04,43.42
260.0,45.0,0.02,43.34
258.0,40.0,0.01,37.45
217.0,39.0,0.01,35.96
259.0,40.0,0.06,35.35
275.0,46.0,0.02,40.13
238.0,37.0,0.04,35.33
259.0,47.0,0.21,36.54
266.0,44.0,0.04,36.69
264.0,43.0,0.03,39.61
249.0,41.0,0.01,35.79
254.0,40.0,0.03,35.85
262.0,43.0,0.04,47.73
251.0,39.0,0.02,34.24
265.0,41.0,0.0,37.75
260.0,45.0,0.02,38.37
254.0,39.0,0.06,34.2
263.0,43.0,0.02,38.46
267.0,42.0,0.02,36.89
262.0,42.0,0.03,37.44
275.0,48.0,0.03,38.39
264.0,43.0,0.03,40.56
268.0,44.0,0.02,36.93
270.0,41.0,0.02,33.66
276.0,45.0,0.01,33.26
273.0,44.0,0.04,33.38
267.0,41.0,0.02,33.04
283.0,46.0,0.03,39.39
271.0,45.0,0.01,34.78
270.0,49.0,0.03,38.16
266.0,44.0,0.01,36.09
268.0,42.0,0.01,33.83
266.0,45.0,0.02,38.58
269.0,43.0,0.06,36.35
277.0,49.0,0.04,40.31
268.0,40.0,0.03,35.66
272.0,41.0,0.02,38.26
253.0,40.0,0.04,32.91
225.0,39.0,0.01,32.09
267.0,39.0,0.13,32.95
252.0,41.0,0.02,34.94
244.0,41.0,0.04,34.74
262.0,43.0,0.02,38.04
274.0,43.0,0.02,32.12
273.0,40.0,0.02,32.13
269.0,42.0,0.06,33.85
263.0,40.0,0.01,32.19
272.0,38.0,0.01,32.52
264.0,39.0,0.01,31.02
269.0,38.0,0.02,28.67
258.0,38.0,0.02,32.53
255.0,41.0,0.01,38.18
268.0,40.0,0.03,35.77
253.0,36.0,0.06,33.75
264.0,42.0,0.05,36.08
244.0,40.0,0.03,33.44
275.0,43.0,0.04,33.73
257.0,40.0,0.01,32.83
256.0,37.0,0.01,28.72
249.0,39.0,0.03,33.56
274.0,41.0,0.02,35.54
244.0,41.0,0.01,35.21
266.0,39.0,0.03,32.91
242.0,42.0,0.04,38.01
271.0,39.0,0.04,34.72
276.0,40.0,0.01,32.08
273.0,40.0,0.03,33.28
256.0,37.0,0.01,30.36
278.0,39.0,0.03,28.26
249.0,37.0,0.03,29.39
268.0,38.0,0.01,29.87
263.0,40.0,0.03,29.57
264.0,42.0,0.08,37.04
251.0,40.0,0.07,35.02
268.0,37.0,0.03,32.18
234.0,37.0,0.02,33.17
229.0,38.0,0.03,33.48
264.0,39.0,0.26,34.33
261.0,37.0,0.01,28.67
242.0,37.0,0.02,27.31
254.0,40.0,0.02,26.6
245.0,39.0,0.03,31.6
250.0,40.0,0.06,33.08
247.0,39.0,0.02,32.54
271.0,45.0,0.01,35.79
246.0,36.0,0.02,27.44
267.0,36.0,0.05,27.29
280.0,39.0,0.05,30.61
252.0,35.0,0.01,27.49
265.0,34.0,0.03,29.02
254.0,37.0,0.06,33.16
269.0,35.0,0.09,31.91
279.0,39.0,0.04,35.17
265.0,40.0,0.03,37.64
273.0,47.0,0.02,40.14
251.0,41.0,0.04,36.81
261.0,40.0,0.03,30.31
254.0,38.0,0.03,26.93
268.0,39.0,0.01,30.79
278.0,37.0,0.03,30.25
276.0,36.0,0.03,28.41
265.0,36.0,0.01,28.94
231.0,37.0,0.01,31.02
255.0,37.0,0.01,29.94
235.0,37.0,0.01,30.34
226.0,38.0,0.03,32.97
245.0,39.0,0.06,32.8
259.0,38.0,0.02,32.17
225.0,46.0,0.01,34.83
273.0,37.0,0.03,30.04
271.0,38.0,0.01,26.88
249.0,41.0,0.03,33.59
263.0,37.0,0.04,28.33
253.0,39.0,0.02,31.98
264.0,38.0,0.06,30.14
233.0,39.0,0.01,31.52
245.0,38.0,0.09,31.63
249.0,35.0,0.04,25.25
240.0,38.0,0.02,30.74
264.0,39.0,0.03,33.04
257.0,36.0,0.04,30.97
224.0,38.0,0.01,32.88
265.0,40.0,0.09,34.14
251.0,41.0,0.04,36.58
227.0,40.0,0.03,35.33
251.0,42.0,0.16,35.66
259.0,42.0,0.03,35.6
268.0,37.0,0.09,32.89
250.0,38.0,0.03,32.59
269.0,41.0,0.04,36.52
254.0,37.0,0.05,28.08
272.0,36.0,0.04,26.97
270.0,39.0,0.06,31.47
269.0,37.0,0.07,31.44
269.0,39.0,0.04,33.89
273.0,42.0,0.04,32.23
274.0,37.0,0.01,29.46
275.0,41.0,0.03,34.59
277.0,38.0,0.06,32.13
261.0,37.0,0.04,31.13
244.0,35.0,0.03,30.12
269.0,37.0,0.17,31.72
253.0,41.0,0.01,36.51
239.0,40.0,0.02,37.59
259.0,48.0,0.07,45.71
268.0,48.0,0.04,39.49
259.0,43.0,0.04,36.84
262.0,43.0,0.05,37.97
259.0,38.0,0.05,34.55
268.0,41.0,0.02,32.49
269.0,36.0,0.02,27.52
272.0,37.0,0.01,29.13
280.0,37.0,0.05,31.09
271.0,39.0,0.04,34.34
276.0,37.0,0.03,36.63
269.0,41.0,0.04,38.92
257.0,41.0,0.03,31.78
268.0,44.0,0.03,41.09
269.0,43.0,0.01,36.8
270.0,45.0,0.01,30.47
257.0,38.0,0.04,31.68
274.0,37.0,0.05,35.82
268.0,39.0,0.08,36.46
275.0,38.0,0.03,34.48
265.0,37.0,0.03,34.23
250.0,37.0,0.06,37.47
247.0,41.0,0.03,41.51
267.0,39.0,0.01,38.33
248.0,40.0,0.02,39.09
268.0,40.0,0.11,35.25
269.0,38.0,0.02,34.05
271.0,39.0,0.02,32.17
265.0,39.0,0.03,32.79
271.0,42.0,0.04,35.73
237.0,38.0,0.03,30.66
233.0,40.0,0.02,34.81
260.0,42.0,0.07,36.84
265.0,44.0,0.01,31.07
268.0,38.0,0.04,32.02
278.0,38.0,0.04,31.62
272.0,37.0,0.02,29.59
271.0,34.0,0.01,28.79
268.0,35.0,0.04,31.4
248.0,38.0,0.01,32.65
221.0,37.0,0.01,35.37
239.0,41.0,0.01,38.63
268.0,42.0,0.05,38.24
232.0,40.0,0.03,35.45
274.0,41.0,0.01,36.34
265.0,38.0,0.03,32.88
278.0,38.0,0.06,31.79
275.0,36.0,0.03,28.76
283.0,40.0,0.03,31.79
280.0,37.0,0.04,32.77
263.0,38.0,0.02,34.49
272.0,42.0,0.03,35.73
273.0,39.0,0.01,33.46
259.0,43.0,0.03,36.91
276.0,40.0,0.02,34.11
282.0,46.0,0.01,37.84
266.0,42.0,0.01,34.8
281.0,42.0,0.03,38.96
282.0,39.0,0.03,33.44
267.0,42.0,0.01,37.96
266.0,41.0,0.02,33.73
276.0,45.0,0.0,37.28
271.0,39.0,0.0,31.99
258.0,42.0,0.02,33.06
279.0,40.0,0.03,33.88
276.0,38.0,0.04,36.0
271.0,39.0,0.01,34.98
281.0,39.0,0.03,33.19
267.0,37.0,0.03,32.86
254.0,36.0,0.01,31.46
268.0,39.0,0.01,35.93
282.0,40.0,0.04,36.2
241.0,40.0,0.03,32.59
255.0,38.0,0.03,34.33
241.0,40.0,0.03,34.26
251.0,38.0,0.06,31.77
260.0,40.0,0.03,33.23
268.0,38.0,0.07,31.1
244.0,38.0,0.03,30.55
262.0,38.0,0.05,30.03
276.0,37.0,0.05,32.26
259.0,37.0,0.03,32.22
257.0,38.0,0.03,30.93
247.0,35.0,0.01,30.41
269.0,39.0,0.01,34.3
252.0,37.0,0.02,30.64
256.0,36.0,0.04,30.82
271.0,38.0,0.07,30.73
274.0,38.0,0.04,34.48
234.0,38.0,0.02,30.86
269.0,41.0,0.18,40.35
259.0,37.0,0.03,33.43
272.0,40.0,0.07,33.93
267.0,37.0,0.03,28.27
264.0,37.0,0.03,29.79
274.0,42.0,0.04,38.42
247.0,39.0,0.03,34.21
259.0,41.0,0.03,34.83
225.0,37.0,0.0,30.77
249.0,38.0,0.04,31.36
258.0,41.0,0.04,34.58
244.0,40.0,0.03,33.38
261.0,41.0,0.03,34.95
258.0,36.0,0.04,27.36
229.0,42.0,0.03,33.26
260.0,37.0,0.04,29.42
259.0,37.0,0.02,30.67
233.0,39.0,0.01,34.78
258.0,41.0,0.09,34.14
252.0,41.0,0.03,33.69
224.0,38.0,0.04,31.43
219.0,38.0,0.04,32.46
263.0,42.0,0.02,34.41
250.0,37.0,0.03,33.35
237.0,38.0,0.01,32.94
260.0,38.0,0.06,32.83
238.0,37.0,0.04,31.81
260.0,41.0,0.12,37.16
260.0,38.0,0.03,32.84
265.0,38.0,0.01,32.38
226.0,38.0,0.03,30.21
245.0,40.0,0.05,33.84
256.0,41.0,0.17,31.74
257.0,37.0,0.01,28.54
256.0,37.0,0.04,27.69
260.0,39.0,0.06,32.03
243.0,38.0,0.04,32.21
260.0,36.0,0.03,30.69
255.0,38.0,0.03,27.44
231.0,39.0,0.02,27.82
248.0,38.0,0.16,30.12
230.0,38.0,0.01,28.82
243.0,38.0,0.06,31.09
256.0,42.0,0.04,30.12
267.0,44.0,0.03,42.09
247.0,44.0,0.03,30.64
255.0,38.0,0.02,26.15
259.0,40.0,0.0,28.06
239.0,35.0,0.0,24.05
248.0,41.0,0.02,27.91
247.0,41.0,0.01,29.77
240.0,41.0,0.03,29.23
220.0,40.0,0.0,31.08
238.0,39.0,0.01,29.85
204.0,38.0,0.0,29.54
228.0,40.0,0.04,30.79
243.0,40.0,0.04,30.79
251.0,38.0,0.09,29.43
255.0,37.0,0.04,28.32
232.0,36.0,0.0,24.92
259.0,40.0,0.02,27.92
237.0,38.0,0.01,26.81
215.0,38.0,0.03,27.04
198.0,38.0,0.03,29.56
242.0,39.0,0.23,34.4
252.0,45.0,0.09,36.86
243.0,42.0,0.07,33.73
265.0,38.0,0.04,33.41
259.0,39.0,0.01,49.01
265.0,37.0,0.03,43.71
262.0,39.0,0.02,37.43
255.0,38.0,0.01,28.02
240.0,37.0,0.03,27.95
259.0,42.0,0.05,27.75
224.0,39.0,0.02,34.0
235.0,40.0,0.06,32.33
248.0,36.0,0.02,29.41
227.0,38.0,0.02,32.66
241.0,42.0,0.05,35.69
227.0,38.0,0.06,29.77
239.0,37.0,0.07,33.33
220.0,38.0,0.03,36.16
242.0,41.0,0.04,35.15
252.0,42.0,0.03,34.49
234.0,41.0,0.0,27.11
244.0,37.0,0.07,30.86
229.0,40.0,0.0,38.74
238.0,44.0,0.03,32.41
261.0,39.0,0.03,30.47
233.0,41.0,0.02,39.91
239.0,44.0,0.03,27.96
228.0,37.0,0.03,31.19
243.0,39.0,0.04,31.64
220.0,41.0,0.04,31.12
236.0,38.0,0.05,29.96
248.0,38.0,0.21,31.66
228.0,36.0,0.04,31.05
243.0,37.0,0.08,31.82
256.0,39.0,0.03,27.55
261.0,38.0,0.07,30.94
259.0,38.0,0.02,28.65
239.0,37.0,0.01,33.55
251.0,39.0,0.14,25.66
232.0,37.0,0.03,26.1
241.0,37.0,0.1,27.73
254.0,38.0,0.03,27.86
257.0,39.0,0.03,29.41
222.0,38.0,0.01,30.47
256.0,37.0,0.06,32.01
237.0,39.0,0.03,30.17
261.0,40.0,0.21,28.32
236.0,39.0,0.04,29.18
258.0,39.0,0.12,29.91
219.0,38.0,0.01,28.3
219.0,38.0,0.03,27.24
210.0,38.0,0.02,28.08
238.0,38.0,0.12,27.54
241.0,37.0,0.02,26.89
250.0,36.0,0.04,25.07
232.0,38.0,0.01,23.32
242.0,35.0,0.07,24.2
223.0,36.0,0.03,25.38
233.0,37.0,0.09,25.75
219.0,37.0,0.03,25.94
230.0,38.0,0.16,25.68
196.0,39.0,0.04,24.56
240.0,35.0,0.14,24.27
249.0,35.0,0.06,24.62
218.0,34.0,0.04,23.04
236.0,36.0,0.16,26.41
248.0,36.0,0.06,23.88
220.0,35.0,0.02,24.93
231.0,37.0,0.05,23.92
252.0,36.0,0.05,23.18
234.0,36.0,0.03,25.12
203.0,36.0,0.01,27.69
249.0,36.0,0.03,26.86
258.0,36.0,0.03,25.73
213.0,35.0,0.03,25.0
209.0,34.0,0.02,24.37
223.0,36.0,0.03,27.62
227.0,36.0,0.04,27.76
225.0,35.0,0.02,29.78
260.0,36.0,0.03,25.93
209.0,37.0,0.03,25.31
227.0,38.0,0.18,23.11
218.0,38.0,0.04,26.12
203.0,37.0,0.04,26.41
249.0,35.0,0.07,26.64
204.0,35.0,0.03,24.36
216.0,34.0,0.04,23.03
229.0,34.0,0.07,23.4
239.0,35.0,0.2,24.76
197.0,32.0,0.04,24.93
222.0,34.0,0.21,23.74
263.0,36.0,0.23,21.12
209.0,34.0,0.07,22.07
240.0,35.0,0.09,21.23
218.0,35.0,0.04,22.09
230.0,34.0,0.06,22.34
206.0,34.0,0.03,22.44
216.0,34.0,0.07,20.88
226.0,35.0,0.17,21.99
200.0,33.0,0.02,19.36
218.0,33.0,0.18,19.56
195.0,35.0,0.04,19.46
206.0,36.0,0.04,21.04
208.0,36.0,0.05,21.67
228.0,35.0,0.24,21.31
208.0,36.0,0.08,24.11
192.0,37.0,0.04,22.19
204.0,34.0,0.14,21.93
221.0,34.0,0.05,22.36
237.0,34.0,0.11,22.14
205.0,35.0,0.02,21.26
249.0,37.0,0.06,20.34
209.0,37.0,0.03,21.66
230.0,35.0,0.19,18.21
242.0,35.0,0.13,20.3
270.0,37.0,0.19,21.26
218.0,33.0,0.05,26.2
251.0,36.0,0.23,20.76
240.0,33.0,0.03,20.11
252.0,35.0,0.06,21.02
268.0,37.0,0.04,19.63
228.0,35.0,0.03,22.01
206.0,33.0,0.01,19.5
238.0,33.0,0.16,19.73
207.0,36.0,0.01,20.56
195.0,34.0,0.01,20.41
219.0,33.0,0.11,19.5
191.0,34.0,0.01,19.7
205.0,35.0,0.03,20.15
218.0,34.0,0.07,21.69
205.0,34.0,0.03,20.11
198.0,35.0,0.04,21.48
208.0,35.0,0.1,20.08
212.0,36.0,0.01,20.18
177.0,34.0,0.03,19.78
187.0,33.0,0.11,20.29
232.0,33.0,0.28,20.38
241.0,35.0,0.23,21.89
184.0,34.0,0.04,20.93
229.0,33.0,0.05,20.79
251.0,34.0,0.2,20.76
193.0,34.0,0.04,19.93
209.0,35.0,0.05,20.27
201.0,33.0,0.02,19.46
215.0,33.0,0.12,19.81
249.0,33.0,0.2,20.88
192.0,33.0,0.05,20.49
210.0,34.0,0.09,21.43
181.0,33.0,0.04,19.29
194.0,34.0,0.12,20.32
238.0,36.0,0.36,21.62
214.0,36.0,0.04,19.65
199.0,34.0,0.03,19.4
215.0,34.0,0.1,18.55
246.0,35.0,0.09,20.26
206.0,33.0,0.04,18.9
174.0,33.0,0.02,19.86
217.0,34.0,0.29,19.31
201.0,34.0,0.05,19.46
200.0,36.0,0.06,20.48
210.0,37.0,0.11,20.77
230.0,34.0,0.07,20.18
211.0,36.0,0.04,19.7
192.0,34.0,0.02,18.36
202.0,33.0,0.06,18.65
180.0,33.0,0.04,19.59
180.0,34.0,0.04,19.46
179.0,34.0,0.03,19.2
188.0,34.0,0.07,19.93
181.0,33.0,0.03,18.97
159.0,33.0,0.03,18.91
201.0,35.0,0.05,18.44
213.0,35.0,0.03,20.37
210.0,34.0,0.03,18.77
180.0,33.0,0.04,17.74
192.0,34.0,0.16,19.05
205.0,33.0,0.15,17.76
218.0,35.0,0.06,18.71
174.0,33.0,0.04,17.49
185.0,33.0,0.16,17.86
212.0,34.0,0.09,19.34
224.0,34.0,0.13,19.94
198.0,35.0,0.09,19.31
214.0,34.0,0.25,20.09
175.0,35.0,0.07,19.82
176.0,34.0,0.03,20.11
223.0,34.0,0.26,18.64
175.0,33.0,0.04,18.56
189.0,36.0,0.05,20.21
206.0,33.0,0.2,18.8
215.0,34.0,0.23,18.84
158.0,34.0,0.03,17.46
192.0,34.0,0.02,18.46
208.0,34.0,0.05,17.56
189.0,34.0,0.1,18.24
204.0,33.0,0.23,17.66
215.0,34.0,0.25,18.26
189.0,36.0,0.07,20.57
165.0,34.0,0.04,18.89
173.0,34.0,0.17,18.83
186.0,33.0,0.19,18.33
196.0,35.0,0.2,19.1
176.0,33.0,0.03,18.56
164.0,34.0,0.04,18.35
180.0,34.0,0.07,19.17
200.0,35.0,0.1,18.1
214.0,33.0,0.08,18.6
163.0,35.0,0.01,19.54
179.0,35.0,0.02,18.79
190.0,33.0,0.06,18.61
168.0,32.0,0.03,17.95
201.0,32.0,0.19,18.05
163.0,32.0,0.04,18.27
184.0,33.0,0.23,18.78
168.0,35.0,0.06,19.88
189.0,34.0,0.17,19.14
173.0,35.0,0.03,18.37
189.0,35.0,0.17,18.64
205.0,34.0,0.2,19.23
167.0,33.0,0.04,18.59
182.0,35.0,0.05,19.09
197.0,35.0,0.19,19.66
178.0,33.0,0.07,18.57
174.0,34.0,0.03,18.58
186.0,33.0,0.18,18.29
176.0,34.0,0.04,18.21
196.0,33.0,0.08,19.02
212.0,34.0,0.12,19.5
198.0,33.0,0.06,18.66
161.0,32.0,0.02,18.41
192.0,34.0,0.04,18.86
212.0,35.0,0.12,19.38
202.0,33.0,0.02,19.48
189.0,33.0,0.04,19.75
200.0,33.0,0.17,19.76
232.0,34.0,0.2,19.01
210.0,33.0,0.09,18.38
209.0,33.0,0.06,19.16
204.0,34.0,0.04,18.89
202.0,35.0,0.04,19.76
187.0,33.0,0.01,18.64
184.0,34.0,0.03,18.74
199.0,34.0,0.17,19.36
186.0,35.0,0.01,20.04
197.0,34.0,0.05,19.77
189.0,33.0,0.03,18.66
177.0,33.0,0.04,18.78
195.0,34.0,0.14,19.29
206.0,34.0,0.21,18.48
224.0,35.0,0.24,19.15
208.0,32.0,0.05,17.91
224.0,33.0,0.17,19.33
180.0,33.0,0.03,19.12
229.0,34.0,0.21,19.71
180.0,33.0,0.02,19.1
193.0,33.0,0.03,19.72
170.0,32.0,0.02,18.96
165.0,32.0,0.03,18.79
178.0,33.0,0.07,19.56
189.0,33.0,0.07,19.23
184.0,32.0,0.06,18.26
174.0,35.0,0.05,19.86
184.0,34.0,0.16,19.79
194.0,36.0,0.19,20.62
207.0,35.0,0.12,20.62
182.0,32.0,0.03,18.6
192.0,35.0,0.15,19.91
177.0,32.0,0.07,18.28
195.0,34.0,0.09,19.74
186.0,33.0,0.03,18.81
196.0,34.0,0.23,18.93
179.0,32.0,0.11,17.29
172.0,34.0,0.04,18.84
203.0,36.0,0.09,19.74
186.0,35.0,0.06,18.79
197.0,33.0,0.23,18.17
206.0,34.0,0.26,18.8
184.0,33.0,0.12,17.9
199.0,34.0,0.19,18.06
213.0,34.0,0.16,17.95
196.0,33.0,0.05,18.12
212.0,34.0,0.11,18.21
221.0,33.0,0.18,16.68
208.0,34.0,0.05,17.67
180.0,35.0,0.04,18.62
198.0,34.0,0.18,18.07
210.0,35.0,0.19,18.71
178.0,33.0,0.06,18.27
224.0,34.0,0.07,18.49
186.0,32.0,0.04,18.01
214.0,34.0,0.17,19.09
193.0,32.0,0.03,17.78
213.0,33.0,0.06,19.12
201.0,34.0,0.03,20.1
184.0,35.0,0.05,18.88
181.0,34.0,0.06,17.84
192.0,33.0,0.24,17.81
182.0,35.0,0.02,17.48
200.0,35.0,0.22,16.94
214.0,32.0,0.22,18.09
194.0,32.0,0.08,18.2
181.0,32.0,0.13,18.18
195.0,34.0,0.24,18.09
210.0,34.0,0.24,18.74
219.0,34.0,0.18,18.26
182.0,33.0,0.03,17.35
204.0,35.0,0.24,18.42
188.0,34.0,0.09,17.86
208.0,34.0,0.21,17.26
191.0,34.0,0.07,15.49
204.0,34.0,0.15,16.25
196.0,34.0,0.07,17.6
175.0,33.0,0.07,16.69
220.0,33.0,0.09,17.24
172.0,33.0,0.06,16.98
186.0,32.0,0.2,17.78
207.0,33.0,0.27,18.04
223.0,34.0,0.27,18.57
200.0,33.0,0.05,18.03
245.0,33.0,0.3,17.81
204.0,33.0,0.06,16.98
201.0,34.0,0.01,17.55
193.0,34.0,0.04,17.33
183.0,33.0,0.06,17.68
173.0,33.0,0.03,17.86
187.0,33.0,0.16,17.21
175.0,32.0,0.06,16.99
190.0,32.0,0.11,16.9
173.0,32.0,0.06,17.14
168.0,32.0,0.04,17.21
160.0,33.0,0.03,16.24
206.0,35.0,0.05,17.59
193.0,34.0,0.07,16.48
208.0,35.0,0.21,16.43
218.0,35.0,0.14,17.46
227.0,34.0,0.24,17.27
179.0,33.0,0.04,16.79
173.0,32.0,0.05,17.25
180.0,33.0,0.04,17.54
197.0,34.0,0.17,17.56
211.0,33.0,0.16,17.78
201.0,32.0,0.06,17.22
181.0,33.0,0.06,16.91
186.0,33.0,0.03,16.04
184.0,34.0,0.04,17.06
203.0,34.0,0.06,16.96
212.0,34.0,0.14,16.02
219.0,33.0,0.18,17.04
187.0,33.0,0.02,17.02
204.0,34.0,0.19,17.91
184.0,33.0,0.02,17.38
206.0,33.0,0.16,17.49
190.0,33.0,0.05,18.12
170.0,33.0,0.02,18.29
174.0,32.0,0.03,16.89
197.0,33.0,0.04,18.03
208.0,33.0,0.17,18.55
192.0,34.0,0.03,17.61
204.0,33.0,0.06,18.48
175.0,35.0,0.02,17.61
191.0,32.0,0.04,17.39
179.0,32.0,0.04,16.94
212.0,33.0,0.17,17.47
176.0,35.0,0.02,18.75
190.0,34.0,0.04,18.44
176.0,34.0,0.03,17.45
195.0,35.0,0.22,17.41
191.0,35.0,0.06,17.57
212.0,36.0,0.12,16.17
173.0,34.0,0.03,16.21
189.0,34.0,0.02,16.77
206.0,34.0,0.13,15.95
169.0,35.0,0.03,17.32
183.0,32.0,0.04,16.78
178.0,33.0,0.04,17.82
159.0,33.0,0.03,17.66
177.0,32.0,0.03,17.1
193.0,33.0,0.19,17.82
160.0,34.0,0.04,18.08
173.0,33.0,0.04,17.88
175.0,33.0,0.03,17.21
169.0,33.0,0.03,17.54
163.0,34.0,0.02,17.26
192.0,34.0,0.03,17.79
170.0,34.0,0.01,18.09
193.0,35.0,0.04,18.57
160.0,33.0,0.03,17.33
203.0,35.0,0.17,18.59
212.0,33.0,0.19,18.14
182.0,33.0,0.02,17.44
196.0,32.0,0.17,17.23
186.0,35.0,0.05,16.98
193.0,35.0,0.05,16.81
195.0,34.0,0.04,17.19
196.0,35.0,0.04,17.46
180.0,32.0,0.03,17.58
203.0,33.0,0.05,17.41
195.0,35.0,0.02,18.61
176.0,34.0,0.01,17.98
181.0,33.0,0.02,17.43
193.0,33.0,0.13,17.53
175.0,33.0,0.04,17.2
204.0,35.0,0.03,18.45
170.0,34.0,0.03,18.23
184.0,34.0,0.17,17.59
174.0,32.0,0.06,18.16
156.0,32.0,0.02,17.74
172.0,33.0,0.03,18.67
196.0,33.0,0.04,18.1
171.0,32.0,0.04,18.11
162.0,31.0,0.03,17.64
164.0,32.0,0.03,18.36
157.0,33.0,0.03,18.22
182.0,35.0,0.03,18.69
159.0,35.0,0.01,18.4
178.0,33.0,0.12,17.86
176.0,33.0,0.04,16.96
191.0,34.0,0.03,17.56
190.0,35.0,0.04,17.28
204.0,35.0,0.18,18.14
185.0,36.0,0.06,17.33
180.0,34.0,0.07,17.74
210.0,34.0,0.13,18.68
173.0,34.0,0.07,18.46
187.0,33.0,0.12,18.27
174.0,35.0,0.03,17.61
186.0,33.0,0.03,17.89
167.0,34.0,0.01,17.62
189.0,35.0,0.17,17.71
174.0,34.0,0.06,17.47
188.0,34.0,0.03,16.94
197.0,32.0,0.17,16.62
206.0,33.0,0.22,18.03
164.0,34.0,0.03,17.59
181.0,33.0,0.23,17.1
195.0,32.0,0.26,17.79
178.0,32.0,0.06,17.72
189.0,32.0,0.17,17.63
186.0,35.0,0.04,18.72
197.0,35.0,0.2,16.86
182.0,34.0,0.05,17.33
194.0,33.0,0.17,17.74
206.0,33.0,0.17,17.35
188.0,33.0,0.02,18.6
189.0,33.0,0.03,16.69
198.0,35.0,0.01,18.72
181.0,35.0,0.01,16.24
175.0,34.0,0.04,17.97
167.0,35.0,0.04,19.21
188.0,35.0,0.19,17.96
173.0,36.0,0.07,17.09
189.0,34.0,0.03,17.42
188.0,34.0,0.08,17.09
214.0,35.0,0.15,17.19
182.0,36.0,0.03,16.39
203.0,35.0,0.12,15.87
183.0,33.0,0.04,16.29
172.0,33.0,0.04,17.28
171.0,32.0,0.03,17.26
169.0,33.0,0.03,17.89
181.0,33.0,0.09,17.86
183.0,32.0,0.01,21.25
134.0,79.0,0.36,29.48
152.0,93.0,0.15,30.18
190.0,46.0,0.03,18.86
157.0,34.0,0.09,20.63
190.0,34.0,0.14,16.2
187.0,34.0,0.07,15.44
209.0,33.0,0.04,16.41
197.0,35.0,0.05,16.19
209.0,34.0,0.06,16.54
224.0,36.0,0.24,16.02
222.0,35.0,0.06,15.91
197.0,38.0,0.06,16.92
186.0,37.0,0.04,17.51
208.0,35.0,0.06,17.22
192.0,34.0,0.05,18.1
213.0,34.0,0.26,17.67
205.0,33.0,0.06,17.91
195.0,34.0,0.04,17.94
243.0,35.0,0.28,18.61
203.0,34.0,0.03,18.36
201.0,35.0,0.04,19.26
195.0,34.0,0.03,18.21
205.0,36.0,0.17,18.02
215.0,35.0,0.16,18.26
198.0,33.0,0.03,18.27
212.0,33.0,0.04,17.8
205.0,35.0,0.03,17.02
178.0,33.0,0.04,16.87
189.0,32.0,0.11,17.08
200.0,35.0,0.21,17.47
210.0,36.0,0.06,18.73
197.0,36.0,0.04,18.59
214.0,35.0,0.12,17.84
224.0,33.0,0.06,17.4
203.0,34.0,0.03,17.32
216.0,34.0,0.07,17.37
228.0,34.0,0.04,18.04
249.0,34.0,0.16,17.57
206.0,34.0,0.03,17.08
205.0,34.0,0.06,17.58
209.0,34.0,0.04,18.43
188.0,31.0,0.03,16.76
184.0,32.0,0.03,17.32
197.0,32.0,0.14,17.82
179.0,33.0,0.03,18.39
211.0,34.0,0.23,19.56
225.0,36.0,0.21,18.68
192.0,35.0,0.03,17.77
205.0,32.0,0.19,17.61
201.0,36.0,0.03,19.54
220.0,34.0,0.21,18.24
218.0,36.0,0.07,18.88
231.0,34.0,0.06,18.26
212.0,33.0,0.02,18.61
203.0,34.0,0.02,18.52
193.0,33.0,0.03,18.3
235.0,35.0,0.2,17.38
224.0,35.0,0.03,17.79
201.0,32.0,0.03,17.35
222.0,32.0,0.19,17.45
193.0,33.0,0.03,17.78
209.0,34.0,0.19,18.03
220.0,34.0,0.32,18.69
203.0,33.0,0.07,17.96
259.0,34.0,0.41,17.25
231.0,35.0,0.07,18.7
210.0,34.0,0.03,17.29
224.0,36.0,0.05,16.56
267.0,35.0,0.17,16.11
228.0,35.0,0.02,16.97
259.0,36.0,0.11,16.98
214.0,33.0,0.03,17.09
232.0,37.0,0.18,16.75
242.0,36.0,0.07,16.91
220.0,33.0,0.09,17.45
234.0,34.0,0.14,17.99
245.0,34.0,0.21,17.52
206.0,34.0,0.04,17.34
225.0,36.0,0.2,16.88
238.0,34.0,0.29,17.59
218.0,33.0,0.08,17.75
232.0,33.0,0.26,17.11
198.0,33.0,0.06,17.84
198.0,34.0,0.02,17.69
221.0,33.0,0.06,17.89
231.0,33.0,0.23,18.48
240.0,35.0,0.26,18.48
231.0,33.0,0.26,17.77
219.0,36.0,0.2,16.71
223.0,36.0,0.06,17.64
225.0,34.0,0.06,17.24
225.0,33.0,0.02,18.48
244.0,33.0,0.21,17.61
205.0,35.0,0.24,18.7
227.0,35.0,0.06,16.88
225.0,35.0,0.19,16.63
256.0,35.0,0.04,17.02
217.0,38.0,0.26,16.94
230.0,40.0,0.04,16.34
245.0,35.0,0.04,16.45
223.0,34.0,0.19,16.79
238.0,35.0,0.03,18.06
234.0,36.0,0.18,16.48
247.0,36.0,0.04,17.93
202.0,32.0,0.24,17.86
218.0,34.0,0.04,18.76
