time_index,V1,V2,V3
0,-0.6693338010834579,0.16013823647845543,-0.4377074288635301
1,-0.620181863649875,0.3048684695295517,-0.13549227735483477
2,-1.5388950744109695,-0.48700075546629923,-0.5952462245037204
3,0.5861862851912646,2.5533318637430535,-0.20261679516633946
4,0.8256197227471951,-0.4404787055006404,-0.09404684847547931
5,1.5077539401464528,-0.010278577532795041,-0.5076125772291157
6,0.847032929451474,-0.5138644190166638,-1.3009904851103085
7,0.5407327887498784,-0.1122175130381044,-0.8452394232584628
8,0.12002816470540584,0.022122323014331074,-0.38164620078328676
9,0.7672074848393255,1.0346354288462054,-0.7477402322341095
10,0.2637062703666567,0.21292356236521573,-0.945150763615875
11,0.11008362076600177,-0.03937639122674931,-0.6460475829584307
12,0.052760724330113876,-0.1136598052647811,-0.6543987957875503
13,-0.021723895008964378,0.2053780201207905,-0.2610186499671931
14,0.052024716977943655,-0.03553356557736358,0.18846957923471847
15,0.026264820640273988,0.04351541512958018,0.8857241059314754
16,0.013852155099279739,-0.06342557854611194,0.3336177928948285
17,0.006412429284764149,0.01303709318476785,0.3954403342411914
18,0.24771820735069844,0.01747879932737272,0.07334141619760652
19,0.10855477898788143,-0.022371605205952525,-0.2372169115820833
20,0.056840100071253626,-0.09949582432165037,-0.13871048490131002
21,0.03766420046662128,0.017191872703275966,-0.11272812604651625
22,-0.4260405489373621,-0.09318141360591262,-0.05553657438962399
23,-0.23646018214285408,-0.02117297435851183,-0.24179321182131858
24,-0.10961148130179453,0.04388264689838375,-0.23503614426311112
25,0.10065392875824694,-0.3087962366905572,-0.10821963600423928
26,0.053616372060621295,-0.19326804070344694,-0.5696215677603965
27,-0.002124316700976913,0.04033638198696031,-0.11460782237947192
28,0.2990487043766507,0.6626019299813984,-0.1286136877565265
29,0.1569551754885519,-0.1481849791269333,-0.0554506503202249
30,0.08295091587313826,-0.1520685378924758,0.20345576345614486
31,0.04444015716264132,-0.07898426035387077,-0.01879182539876953
32,0.0234608677730713,-0.11362801403082565,-0.010035736145307029
33,-0.0034853801780596848,0.010445520856731876,0.10941654592123035
34,0.008842665539668646,0.021162048330421727,0.3684510965798216
35,-0.15327712696434878,-0.25328334671891256,0.13742486210931898
36,-0.09357240882884477,0.08582051875487648,0.031232336707516385
37,-0.05627104274497956,0.0010632375858036294,0.007336385980574484
38,-0.11130744019716834,-0.3482311714048225,-0.010856608077662628
39,-0.05876353300458419,-0.35137358480437797,-0.2781438320987821
40,-0.030758742193897612,0.10408695548596156,-0.22025847345640845
41,-0.016212295578420615,-0.10240159005909702,-0.09964478624368091
42,-0.008944949876827634,0.009876404512438625,-0.02746610972180748
43,0.011987524030078734,-0.20477304679233468,-0.00700944047354965
44,0.4993972550876411,0.02392383131935197,-1.422959251123819
45,0.36576133537294964,-0.3627678965983013,-0.6776111060013437
46,-2.8876139905540152,0.34235048595205103,-0.5942596224618663
47,-1.3780771192929995,0.0401963291570525,-0.27511132978646513
48,-1.3819976891974592,-0.35939955974566695,0.2646125327258465
49,-1.2934923441300472,-1.8853008896111247,0.05760219632093183
50,-0.6833778378228629,0.328163775592888,-0.05345913228530266
51,-0.6077467214556913,-1.0316525249508945,-2.1654095334673467
52,0.054071465029497,0.4413510911241447,-0.5158458831476613
53,0.06243164893906189,-0.5703810427645242,-1.6007775868852054
54,-0.020438264848370427,-0.5869175025704986,-1.6821472369693404
55,-0.45452395143992796,-0.3245502045689819,-1.239243449689207
56,-0.23659209630484546,-0.002825215617114088,-0.9772757165730652
57,0.058772399832370675,0.010399874194109369,-0.33490699688496184
58,0.03114905735306794,-0.0017243216452746846,0.04869353543001184
59,0.6775579343298473,-0.042196045881886954,0.07732272336105254
60,0.3732851998771137,-0.12860336427916425,-0.24069813413473032
61,0.2481599843057467,0.06378228587925464,-0.27434671249140263
62,0.12828053211407228,0.4112562837761995,-0.2238206346412198
63,0.07319374585183645,-0.05878402951712661,0.20123818746960856
64,0.037519860723274186,-0.12230858009629805,-0.057627383019700246
65,-0.6507483431818435,0.24664008637160026,0.23464775983082187
66,1.167614468098503,0.009286564435455504,0.01842811122768723
67,0.6167455749439485,0.024912288297568985,-0.3003790498562857
68,0.32609312099630516,0.012345214703971255,-0.22113021577859565
69,0.40782637712592673,0.7874252639961654,-0.08484733742802167
70,0.21566020851616596,0.5151350505997758,-0.4903684659673673
71,0.11497286222657047,0.8134603864864611,-1.0348161588044855
72,0.06866022575119343,0.09642547098231304,-0.8939034966577243
73,-0.11630454724173189,0.18485008719763105,-1.251072237587257
74,0.29302107709169944,-0.030249207327421514,-0.4599246562872084
75,0.1595425960680679,0.005367490911127795,-0.13564392341108777
76,0.06151732894816152,0.04756200181251397,-0.20911525396562386
77,0.11301030716901572,0.1895426506024952,-0.176317120805874
78,0.06425515802730788,0.08269575497568606,0.0022378902053930005
79,-0.05236616941678953,-0.2863599542714513,-0.07871156825798328
80,-0.027323855686918443,1.2128684409262498,1.8070320339457606
81,-0.014440144091584247,-0.16081357610431218,0.7979301724902526
82,-0.0038710251466413997,0.0295895244908201,0.2988529821963126
83,0.0032192146802634725,-0.00436970792351218,0.13659092633229847
84,0.038072619462929384,0.1604559961706371,-0.4535451838780121
85,-0.15303099766666908,-0.0352778021325344,-0.24926127071169535
86,-0.08087400544135943,0.3057074115099212,0.1344350197418318
87,-0.12098051036170018,-0.04644861245020478,-0.08489392354963948
88,-0.05171670668636578,0.03495950774408249,0.0685381463599193
89,-0.2634805673042209,-0.06427844677150743,0.22560628741159403
90,-1.1904114763425726,0.5848600979447722,-0.24568505961589682
91,-0.63740238483235,-0.6053114718663044,-0.19736569174989588
92,1.3117171621603758,-0.14124544526650867,-0.821923391645697
93,0.8453376125926146,0.9510744886669248,-0.8702468465420209
94,0.4468052566059376,0.38699100575522866,-1.0673221350012618
95,1.7729843774848273,0.27258373418253246,-1.0805917174332107
96,0.9362547577335667,1.203088639713229,-0.798221817710554
97,0.4941473380146436,-0.20933722208019384,-2.1995110832820455
98,0.32340116461422697,0.033156465348496984,-1.0056918945206796
99,0.17381560163578244,0.3473649485283295,-1.6924166432283314
100,0.09182057559825177,-0.0748468089700294,-0.7434303558649464
101,0.0382193262330826,-0.03203738601886412,-0.34360803239059134
102,0.02017017291790008,0.35037798988454694,-0.3798475817186663
103,0.12728783259959903,0.20833030485162857,-0.17380813034249948
104,-0.15735109912239897,0.09916422718141173,-1.0827681659669381
105,-0.11306220851946748,-0.11740045455597746,-0.5215344183963735
106,0.18160009153162404,0.011759603350194384,-0.23784949465230434
107,1.7180068380984668,-0.7191847135215135,-0.31760970494853363
108,0.2844266129885493,-0.5145498946294021,-0.022070348491584763
109,0.15695915725494067,0.07808828337472767,0.0015652897846578796
110,0.5178609357005269,-0.1413538061499714,-0.06405743021311003
111,0.27257470053268057,0.02431768624557318,0.6291731007707672
112,0.12476067227568065,0.12337969110060096,0.2640381712357739
113,0.2576014669537688,-0.021286795509956023,0.11107587453246695
114,0.11918303870055,0.28230317240310077,-0.05821223162680374
115,0.025241372576623504,0.14422534454530284,0.7330881178342787
116,-0.005331163922438072,-0.002943157277283487,0.2522937475648257
117,-0.27138115591918166,-6.117314727478599e-06,0.002089671023727105
118,-1.5175646333387616,-0.039645583196762674,-0.12392525048396119
119,-0.648317773814896,-0.18676933356759062,-0.20769076341717413
120,0.13842675294178414,0.04083936272839947,-0.09943941877229875
121,0.07427665533775804,0.05909333297564821,0.17881121841794545
122,0.03843427299921893,-1.0986342939744616,-0.10664878972541535
123,0.032785192718477504,0.21308080279628622,-0.11597579940899386
124,0.01673005481764142,-0.014972577804405841,-0.08946961559588676
125,-0.526926269744928,0.0008444464964860333,-0.057708504867701495
126,-0.4558100535258298,-0.37229328887458146,-0.1298277291461873
127,-0.23325150985181492,-0.2495452115123252,-0.3890674749701907
128,-0.12914642399403953,-0.7596268521096639,-0.17870061977571672
129,-0.4453695170621331,-0.1626962489893184,-0.1182192694560542
130,-0.533476070524298,-0.09142856830864504,-0.3548728857583739
131,-0.19648467808758052,0.015751244677891574,-0.23126957211001947
132,-0.4595663424719422,-0.31834737057936013,-0.19544795551403435
133,-0.09593472269704409,-0.33070787851554373,-0.27881977410948466
134,-0.039324725085711915,-0.03157748394050501,-0.11186816552707096
135,-0.1213343741396894,-0.02473832943025105,-0.11874037787105023
136,-0.06735249774475216,0.10721630970919259,-0.12933459185142024
137,-0.03519915268559502,-0.012108468821591528,-0.05138965981126707
138,-0.013902969558590496,-0.20598769300339123,-0.023501320738811643
139,-0.005680363697024937,0.08752618735861357,-0.0380225852357873
140,0.28700709660236906,-0.02211015138178521,-0.27435602377901425
141,0.23140230506763204,0.21839431988325836,-0.1461396657706541
142,0.10898265280895374,-0.378638599559473,1.4826610199785322
143,0.05709027066484944,-0.0006201795417466044,0.6670939175798316
144,-0.045284385473566294,0.6302068864533037,0.2737289812903204
145,-0.03822773969797762,-0.07644632079290738,0.12424170723910152
146,-0.020162135661312298,0.013184125659802924,0.03350825142335229
147,-1.3031204414296522,0.4567813839953831,0.061194109448802
148,-0.6885754188794693,-1.0214197876683566,0.007064289988147011
149,-0.36390914248269024,-0.21789912365471859,-0.8674254045740973
150,-0.1938377366751722,-0.23506302054076858,-0.8778665915753828
151,-0.32487300040196415,-0.0077602359562080475,-0.49954512753867447
152,-0.19082934751605257,-0.03451834544111979,-0.2275213968743278
153,-0.14552650643521076,-0.11301761878629428,-0.36199621561441414
154,-0.07693044259949587,-0.05616196999130735,-0.1642697623004802
155,-1.483502133259324,-0.0968263821755245,-0.21798912707175336
156,-0.7876290246336783,-0.0927041805424584,-0.23379646747172114
157,-0.40568880446502686,-0.038442318306915545,-0.2081744282714759
158,-0.2837538981328461,-0.10720477769898377,-0.09105396883678374
159,-0.23408891434921436,0.018559326505762648,0.32631356778855936
160,-0.08407412886882173,-0.29033987105905457,-0.31457537698516413
161,1.8017029672283207,-0.2126065482091966,-0.5389122349963322
162,0.9750610618662425,1.4405115190279654,-1.022916504395152
163,0.543746401351762,-0.09931359600771245,-0.46776599219367
164,0.28736951499471647,0.15462114974297061,-0.1776658933444777
165,0.19756941616913207,-0.02574455658649527,-0.33260457062544513
166,0.12527007119987654,0.6786245840331875,-1.5183409189098886
167,-0.015129640017379556,0.42078871218829533,-1.3465233303839395
168,-0.002703994111095142,0.02342637636280953,-0.7951473192493745
169,0.0763866742561964,0.12577610897048316,-0.4846294347808968
170,0.003948451242916887,-0.4502655281478268,-0.22638050128043277
171,0.007339309735068387,0.06991205306305985,-0.19048590371658122
172,0.20258514731694646,-0.009880974965226141,-0.0027759672245638994
173,0.20006344817553587,-0.05809020090232869,-0.06614748727587917
174,0.10572867491895717,0.03192229743308498,-0.024756537064113154
175,0.9376363744343319,0.006137747191112289,-0.269620086334358
176,0.6054038220110064,0.11880900578466067,-0.30221228893976143
177,0.31839448113417446,0.10659109194851724,-0.3880198653027586
178,-0.5951731688990242,-1.1952501043627557,-0.06857825396758455
179,-0.3180333942421454,0.8901700164119232,0.18712317895732836
180,-0.16783438796335853,-0.16172917757478736,0.08914250293197912
181,-0.09423620507981648,0.02880657915227884,-0.045547918762590206
182,-0.04980053307849641,-0.4262217298270444,-0.2771634609165767
183,0.41325275023902863,1.8300171123238185,-0.12370008471932849
184,0.2734691688516878,-0.36926913942905193,-0.1730855167385452
185,0.38864930714231527,0.3124267483924553,0.7602606496408988
186,-0.05443395366244602,-0.05282986032463245,0.3492143514035357
187,-0.028767231962455397,0.2377762984218915,0.16200146700824689
188,0.2208222272997008,0.36430695168742455,-0.0950098720269555
189,0.06002078212383945,-0.14251020060465303,-0.6275175280732083
190,0.7561630810410337,0.0004356502405037299,-0.3219387789287707
191,0.1924033227319903,-0.019243224422980154,-0.16223061475786793
192,0.07333675800400262,2.498218285564876,-0.07786034775090184
193,0.3852650024513604,-0.42542907985356215,-5.602265970629295
194,-0.8384608516885321,0.07359296109714451,-2.793021820905496
195,-0.3921196799475157,0.16162691209346786,-1.7948336671709348
196,-0.41429441198176287,0.8356012685397385,-0.9558863211755305
197,-0.3803200486479976,-0.44603732459022727,-1.8178608040736042
198,-0.20098941493808636,0.6825462347581981,-1.1515710549421745
199,-0.1062597209319027,-0.04468387326324878,-0.4969620206157321
200,-0.04016089608596633,-0.21213469668391435,-0.22419455153442425
201,-0.021705960496266132,0.3661344193095538,-0.3709941006946325
202,-0.01475595536003798,-0.20441622058074063,-0.4338923007424066
203,-0.17825569421510815,0.020456220017236855,-0.41100802529031993
204,-0.09241745302644136,-0.08028907967585378,-0.46509045520672887
205,-1.626712538932765,-0.03848669644461532,-0.353288656690079
206,-0.835604924380354,0.026685486138129908,-0.14034514012578533
207,-0.44089122931723485,-1.056339004479758,-0.06414835277275217
208,0.015000595899904962,0.16828856677944387,-0.5059831971659652
209,0.2773646751339318,0.016295475623215688,-0.0968160839527423
210,-0.15508448158702715,-0.030731323778092404,-0.06740104975873096
211,-0.0629447516850057,-0.0018831389067613287,0.021104454664811312
212,-0.08741745276811533,0.00018307056049168537,0.10325367862392684
213,-0.060412734714404406,0.19825820085218263,0.03684491221282089
214,0.011868559510839302,-0.07875663248648611,-0.08369261972959954
215,0.014936999159001037,0.00832560277469574,-0.12728964030051873
216,0.016292740169736183,-0.04230845478952819,-0.11606006029443335
217,0.00853558773325784,-0.036822147179208335,-0.21120529741702815
218,0.005065800251036911,-0.3158513888183556,-0.09882018596493897
219,-0.1432045256584583,0.7490469491628159,-0.05382737995264183
220,-0.10348966774133561,-0.023302222375031684,-0.07166924130358605
221,-0.03397067087068878,0.006749588536664866,-0.04039732361968589
222,-0.1863904715967255,-0.02393850845801722,-0.0899717452609824
223,-0.1258334172540969,-0.0007443863285922009,0.015340328084293621
224,-0.0266936751795473,-0.7847267349728032,0.008107818576862437
225,-0.014124581596586043,0.37345138042472953,-0.06183723505980223
226,-0.06657545280742594,-0.1460909900232625,-0.15763933212326825
227,-0.03292312586973005,0.5742671213373236,-0.059386542225365074
228,0.19745035471548558,-0.09906122465857004,0.2387155551608059
229,0.00562833394105984,0.05008817421211735,0.09060468001747378
230,-0.3581665010689924,-0.00033821868513843334,-0.03325855993912683
231,-0.1891674920996993,0.014246710778244928,-0.010339471515496548
232,-0.16918524568277069,-0.004886816572320717,-0.1676749591329298
233,-0.09437683351722329,0.00015074637424627297,-0.057569160150422266
234,-0.06924970282948982,-0.0017847564838309228,0.004854127987850461
235,-0.11146914039492187,-0.13427148826830243,-0.059906802060462616
236,-0.05893407529009504,-0.09665162343220816,-0.1584280166328181
237,-0.030671469125452606,0.09961387179939231,-0.10874205259131349
238,-0.15737049171932085,1.8012772365845586,-1.8286467333943524
239,0.0052905409082504296,-0.35484829038759935,-0.8340169554702611
240,0.21803103383948755,0.016539286956942786,-0.4224263707116765
241,0.11381678962152973,0.9659802318960555,-0.17573981916089285
242,0.06036221455914179,-0.1636317065740449,-0.19382348649977826
243,0.33604215993281245,0.14134226333931843,-0.7402470820101406
244,-0.07402432925096736,0.21388900324316812,-0.37934130286124773
245,-0.18625312736459076,-0.20351672383712605,-0.3243665104866685
246,-0.10743541640439744,-0.1339588751803613,0.31904506539413924
247,-0.05692721001067568,0.716526905118409,-0.10387041248609755
248,-0.014564304554940762,-0.4994005133700985,0.11625204958419261
249,-0.007263323214315517,0.08530442128645524,0.29918437652050844
250,-0.7372569695509369,0.6256593490814389,0.26214912802509516
251,-0.29586929869658535,0.38793745534915147,0.12547188164366946
252,-0.010761752623483917,1.5718277926920599,-0.03499994492831707
253,-0.11955008042195422,-0.5263564929343856,0.04163787703768878
254,-0.05372874630439048,0.08928074723416646,-0.009267211210801322
255,-0.06668800677352571,-0.02345159026060392,-0.3792022807234162
256,-0.0484438583580456,-0.0565614647296024,-0.20255873437018743
257,-0.07265887324024373,0.0024598725305851575,0.24703373327104677
258,0.28213792501087304,-0.055542408389846906,0.08064548761110056
259,0.05963293754836799,0.17161690068987134,-0.045517887160156915
260,0.031219727122710948,-0.1676332636756951,-0.21649477882499335
261,0.025894004259435263,1.192080795219727,-0.14075440806824263
262,-0.07573214882613905,-0.3889983169662723,-0.06118577979043431
263,-0.0443206944327339,0.13068884497123046,-0.029663978657031784
264,-0.024212122553038656,-0.034291511451408185,-0.20781216929231444
265,0.40639408328869786,0.06544652967320172,-0.3597907483662798
266,-0.04116871646719231,0.09493797775106463,-0.27253812871716543
267,-0.021809519380987685,-0.04808209974573523,-0.1771910010348613
268,-0.011230785097451523,0.033572830319571624,0.15711617759454144
269,-0.009958068785856776,0.0444810457092662,-0.21031476637740376
270,0.21334562949310756,-0.024851761896471397,-0.033957835038186064
271,0.1127186591021848,0.5280379506196026,-0.029965329552022704
272,0.04700809106634407,-0.013978309355146663,-0.1681149178572114
273,0.06932201840379094,0.000885950216040654,-0.11604741020907136
274,0.21321720031098224,0.04878337647421727,-0.0025153948765731654
275,0.037983101912726844,0.07660091548469489,0.9650358885176687
276,0.0750917037012988,-0.01408665743640514,0.41133795444657834
277,0.06871962001398105,1.128236918014439,0.18535371400953113
278,0.03624792710543219,0.22269603444656283,0.08111263505491788
279,-0.04012358276217331,0.41416854310617873,-0.7803878766211475
280,0.039092913377815175,-0.32844256115682935,0.6381046758285734
281,0.04369819955640859,0.09315103436192113,0.3154083826931907
282,-0.07137055908158339,1.2666745160494715,0.9270563417105894
283,-0.05278847775673872,-0.2083260580519878,0.39935999858280385
284,0.48436194761351414,0.40130977628748943,0.1897471819787132
285,0.22362488607099648,-0.05906407434981792,0.33250170857302597
286,-0.7799060658567247,0.010188714612313481,-0.2669150387186764
287,-0.41552623819690016,-0.04289395428712906,-0.16995570102099672
288,-0.21936095202549338,0.018951547220159595,-0.8192396935218208
289,-0.08189057148165155,0.03770948791124421,-0.37457036370971714
290,-0.050203710901872714,0.3207283600184966,-0.15530625697423783
291,0.7254624641730858,-0.7319633329119112,-0.6838282531228678
292,0.371311534054605,-0.39602228990549526,-0.3139832179254165
293,0.19689727715200495,0.029941673962158362,-0.14438234008525286
294,0.23579130632146766,0.5109157575942864,0.11515022386689118
295,0.12465197230888443,-0.1768949232000801,0.33910430071873743
296,-1.3417375070399036,0.056747669877574666,0.016171330047951432
297,-0.6735639808479663,0.7905269198937868,-0.11788951414156526
298,-0.35430748124679207,-0.23858026856181627,0.1300304531607195
299,-0.2193064115278368,0.506746096796914,-0.10424445714177828
300,0.03535561013064818,-1.0210953926458624,-0.10647731987586886
301,0.13979864119435936,0.4367304878859568,-1.0190739990430555
302,0.05837207883546153,-0.018755553698724885,-0.531242101762272
303,-0.2910792824278663,-0.6344804217203419,-0.9156953368524902
304,-0.7452180388230403,0.10944865216929849,-0.3811461722554459
305,-0.39451597927962934,0.022520862746209985,-0.29176429486299854
306,-0.2292758023888963,-0.2826995507549305,-0.3420968292419793
307,-0.12147157698746155,0.5796756888096818,0.028335543977938527
308,-2.002297357418237,-0.10196129414788797,0.012678170416271742
309,-1.05817734493815,0.36595336966593833,0.4592473118533233
310,-0.7613053523209327,-0.14910247915339178,0.38471962162080786
311,-0.4088240905867876,-0.06044234185168436,0.01672710527203747
312,0.8578880019744244,0.16371725604716234,0.009352117698556192
313,0.4533741883646701,-0.09857735301033083,0.09739350701480697
314,0.3359391213506727,-0.30370006031560315,-0.49248277621794584
315,0.18264362577337012,0.6618616167510225,-0.5102025231925909
316,0.1333155755520243,0.4348697958815696,-0.7321491178184455
317,0.07074453270750823,0.24135932172488384,-0.5931381231107588
318,0.037075514762011104,0.19180644278889752,-0.5357575911857736
319,0.14760710337199692,-0.022909541858965182,-0.25188148342940425
320,-0.139174405168965,-0.14833709638073247,-0.19473776057095632
321,-0.09894437902061659,0.07310901516439608,-0.18046147196852305
322,-0.039647054436377095,-0.31453820753088035,0.3227831522041458
323,-0.020458676307790448,-0.044202329675593226,0.036355963003283136
324,0.846332168306081,-0.17869874050516987,0.21853526403067278
325,0.44730516541350607,0.6666036199240029,0.11535265076970419
326,0.23637738098122218,-0.17445029176964735,0.018248418702692684
327,0.12935512594881218,0.008317140845205809,-0.1199376104180405
328,-0.26506982319042577,0.5975830795721842,-0.06860578485992994
329,0.19923660325711953,-0.10883212133555173,0.19573233277764937
330,0.10226836215369639,0.27789621064539805,-0.17263916250564035
331,0.08128400393012478,0.10664211923531414,-0.07885508563329702
332,-0.01071959089275782,-0.3788277062125501,-0.002542864863525389
333,-0.25714824045074874,0.1376845239925236,-0.13817363764269602
334,-0.13593747429760708,0.011995671676901805,0.3555761925169981
335,-0.07299602302468247,-0.39785191773893275,0.17239575401306279
336,-0.022794779305502912,0.2093099472385957,0.07990178975158406
337,-0.025515833351493794,-0.21811046524318614,0.029053250283984495
338,1.5219328222701551,0.0790192403529093,0.415683431184379
339,0.8046299553020644,1.7311505635526507,0.14251926149233649
340,0.275585701938524,0.8011908086210231,-0.9934295857414076
341,0.14562170326940235,0.05668656476837354,-1.4539366828107227
342,0.34435933172088745,0.006330992648235088,-1.0523237478582252
343,0.18233328517736175,0.4501344919289298,-0.8590123637659701
344,0.003601837697807711,0.11598761436887974,-0.9551217700732938
345,-0.012383754795953876,2.959805689523069,-0.5851214078436033
346,0.03792025328904738,-0.3815338825081773,-0.4860029907204272
347,0.3421733997766871,0.04829640288107568,-0.21851858757884082
348,0.1367062659579642,-0.19116691331958735,-0.3000590152850911
349,0.36290221530907296,-0.018536779247162634,-0.08842170921446145
350,0.1491273394578123,0.23116380198194178,-0.06499659170682291
351,0.9227523965492878,-0.06105623200260778,0.0048255994054252765
352,0.486122943769455,0.010907386278359953,-0.004040299131210205
353,0.05847167123665478,0.25497507594587676,0.6123859396990812
354,0.02860418561252494,0.6205019894406656,3.706584330935143
355,0.015103040929331641,0.5436882120543904,1.597542032273247
356,0.04871869574798929,-0.052282363325751736,0.3929345716658963
357,0.14299782149863893,0.026669560456704926,0.10272442455075262
358,0.09368622872333186,-0.01509060454744731,0.011048261127138442
359,-0.04767154765102228,-0.15979076031994946,0.13384839925843559
360,-0.02515543246519685,0.027904175720292197,0.042941415395410534
361,-0.018471485676820516,0.10915529836711364,-0.014794192904841215
362,-0.009653312907140039,-0.09355013965670786,0.23082470518295475
363,-0.011678852384889834,0.018463201005598933,0.1090500106647774
364,-0.0532340111098342,-0.05465844812134911,0.034782538329647145
365,1.690986137312272,0.007143590991218079,0.012769972182270337
366,0.8887347834957591,-0.31772417874616427,0.17236037515898467
367,-0.15051403497071597,0.056228506931867955,0.098709822355638
368,-0.08856449005576748,1.1932127766788931,-1.1981811663531456
369,0.09579440160619873,-0.3454738539544752,-0.43361893840189275
370,0.06057404514470695,0.15240635998148977,-1.5085317203717676
371,-0.03502553706991666,0.04913765024279887,-0.6368790862225548
372,0.08578288056611898,-0.3229278969556519,0.15229079139134077
373,1.1432899757488417,0.04955021854830365,0.06932390839337985
374,0.3054065354206858,-0.010825251583250043,0.03173397942887365
375,0.16140156447367454,-0.026203377214914128,-0.6900519388191152
376,0.1226939070764039,0.07105388459847628,-0.40650119235727106
377,0.24619372845297127,-0.010042306737469857,0.019035752456238342
378,0.13280466069882665,0.11504000708704554,0.0008700476318782846
379,0.15488562128800948,-0.018322854844536256,0.00039778033263159266
380,-0.05643707541806382,0.1773788940273373,-0.10165268807537228
381,0.3031182953623865,0.11825497550217903,-0.2558071387464764
382,0.09544350122910775,0.08248292186315415,-0.09208522768540249
383,-0.7327955634442145,0.09550113874395276,-0.13024910723933975
384,-0.3871069878022128,-0.033863236106155076,0.06025249127172466
385,-0.20457871422027413,0.6576314640934424,-0.5439130236927345
386,-0.20337229999286494,-0.9146561523666803,-1.3269645075863479
387,-0.12334004798045341,-0.10019360332020959,-1.1160304405565733
388,-0.06047855423809237,-0.1296597972352389,-0.9201844781838807
389,-0.042545640740145406,0.22824230432521744,-0.608395596170895
390,-0.05256124300092774,-0.18100308291714098,-0.36242202754072994
391,0.017929945949123127,-0.0957270544622062,-0.7872935934490504
392,0.027291228219452752,-0.19846629521418907,-0.3989962935340781
393,-0.08359179502816061,0.03444149142013179,-0.2570721998023
394,-0.04418566240573488,0.38744538301359704,0.9950070376952479
395,-0.05655380738093184,-0.04673822235874756,0.43601698365738034
396,-0.028943091606015374,0.02337780952798947,0.1896552512282528
397,0.020537824376815318,-0.057663024668301255,0.0031330482726041817
398,0.1019042928351688,-0.10465401129641458,-0.029838188332688993
399,0.046766075275521735,0.26934456830397024,-0.005861993898487561
400,0.0267898705047792,-0.07030578566939588,-0.03731126684839762
401,-0.03462822156152074,0.14203284646536599,0.18013015961325973
402,0.03943221383744575,0.04190906601296812,0.07429765714177228
403,0.023357856746404202,-0.030619922332259988,0.03396220889799903
404,0.010356173283649132,0.5680741412075228,0.004415473904445538
405,0.01129385679425469,-0.2440599203150404,-0.027703561594189796
406,-0.5712073455819713,-0.8411144209641948,-0.2717958865358562
407,-0.4033198380736785,0.16187167727850102,-0.023177550930203433
408,-0.21314695442592926,0.009524062092928675,-0.31202867404153606
409,0.09127870413788346,-0.061436309742756136,-0.34395117785500395
410,0.02741527017225955,-0.2566984937913357,-0.5543370968415646
411,0.017960003053434308,0.04437799705817347,-0.27930327582799563
412,0.16844617186635716,-0.01385884242620381,-0.3072557904246308
413,0.055268067373925284,0.021794683128836617,-0.28094854683583736
414,0.03529433161660292,-0.18696131142335892,-0.12649942903838673
415,-0.00028966471088645585,0.03225128346597597,-0.050419484535601244
416,0.9190164451969906,0.1752070722923032,0.2632848079781935
417,0.4859884716686083,0.011092712445802871,-0.3239240771968276
418,0.31299868435687384,0.007200275619318502,0.8320141794540641
419,0.13371036135157463,0.03424825595456017,0.3550234987407688
420,0.07250045998287537,0.001776730646140548,-0.0863788064770645
421,0.025307890060346824,0.343672262967837,-0.6810526172807535
422,0.2171356626885563,0.035202485127756464,-0.5286920632080241
423,-0.07957439256547733,0.08812769085832718,-0.4693439305521004
424,0.6803686246410573,-0.1771913248496497,-0.26947394540691305
425,0.3601790102096027,0.9980801120796057,-0.28368584963437515
426,0.21126108494437565,-0.22772781543692924,-0.13209511597246257
427,0.08329212016308664,0.1367598695399505,0.4818662964029826
428,0.04598054071904094,-0.027896482742625447,0.3839952715791992
429,0.025002733262021595,-0.2632460041544313,-0.2965885971291221
430,0.013213426355851635,0.10532759236210115,-0.08151682152496825
431,0.013125707665410106,-1.1616386927655378,-0.25593639953176844
432,-0.2516987266992041,0.23987997168785255,-0.5384953947216417
433,-2.4516463493243568,-0.17818285308521675,-0.2776351886759424
434,-1.2548240661142842,0.16250647206917743,-0.019866932199842105
435,-1.0134616377263654,-2.022199598332977,0.018948314599277517
436,-0.5170016540452613,0.3968266291919311,0.00802429929530113
437,-0.5738560493506842,-0.06836574681059576,-0.13697058179762311
438,-0.3183557045287215,-0.7055137359927677,-1.5325767821791125
439,1.0586953524931106,-0.5930249319315116,-1.6748786759780094
440,1.013934406230422,-0.536411238607747,-1.4637343831361649
441,0.5358459525947801,0.09488910245023717,-0.6706106226865409
442,0.26809365318975953,-0.017713747394384735,-0.7195284623023677
443,0.22765814624756248,0.7567095873684312,0.5297226488824622
444,-0.968551750776852,0.12412483042898545,0.19223092873486575
445,-0.18446471118761948,-0.07504779989915233,-0.10214049355983598
446,-0.11829049926678828,0.17474617122275155,-0.2268190477839171
447,-0.12733226818168766,-0.030292951239996233,-0.10180666268722323
448,-0.06723037626149085,-0.13719221174235974,-0.718959134732014
449,-0.06084153569285136,-0.34686196357549925,-1.0011273470032824
450,-0.07126925536397569,0.03890749765223474,-0.4404377162300817
451,0.03234471173538475,0.07917612746891788,-2.605684529722017
452,0.01708136274432505,-0.06272646197925943,-1.3226013924372422
453,-0.03864770822991685,-0.26741044159083815,-0.6518117244736346
454,-0.01488230159597648,0.26492046278465564,-0.31349684253888066
455,0.012640773127010473,0.1902702919630829,-0.07199053205059741
456,0.05615530162598446,0.029979442071633337,-0.013871386453608026
457,0.02718739535286484,0.017224515225903948,-0.007735066936487957
458,-0.03135528890717232,0.0764940736492269,-0.07779066400032546
459,0.127791692293039,0.37509817623306496,0.7406716440644344
460,0.06727750313873031,0.03564886067370564,0.29412150388698327
461,0.1019979489093557,0.022495128825428076,-0.07528414140246131
462,-0.2466493276599125,-0.04960904904729803,0.2687092649443498
463,-0.2509996089554106,0.013671739726694958,0.11479394474043786
464,-0.13187451526357408,0.04528073320047293,-0.08894883064125586
465,-0.06649219573320259,-0.11568078888881465,-0.14960029686729365
466,-0.012367498238195197,-0.15675823210872858,-0.23697005843048288
467,0.17388490555440733,-0.0670398505944245,-0.28260294704921973
468,0.3752234277287975,0.1967410971065632,-0.12382619295860489
469,0.19382787203172847,2.394720433755224,-0.033579164428146235
470,0.10244370618051402,-0.4782442452786121,-0.30282437193097805
471,0.11397848483980419,0.18465597167010225,-0.15791635997689352
472,0.06212491267433797,0.20112462391508013,-0.21038468023157306
473,0.032969093938152685,-0.23040497464269882,0.4954693039044447
474,0.9335164846173817,0.06982209858800106,0.1834073486204515
475,0.7090623508919074,0.6485951615182085,0.17399072665851395
476,-0.16262300300877458,0.3901128404552109,-0.8650231076243813
477,-0.10379723373993222,-0.14524850797921657,-0.680077003609623
478,-0.05825540136386009,-0.047503293504169986,-0.041921853004482534
479,0.6377375155578646,1.7752049039320899,-0.01870568294852289
480,-0.12160569146224831,-0.26517279801525206,0.5417250552079811
481,-0.043845967738241495,0.05616639723423046,0.24940292652788892
482,-0.021854424724474148,-0.05090267080135865,0.04597811673687445
483,-0.03462523438611364,-0.20083849880349916,0.025498224204550005
484,0.03547143166716785,-0.00022458523543511045,-0.17993656851170864
485,0.01456769505876658,-0.06770441047259426,-0.16611144985745221
486,-0.4027389285680456,-0.12911077248203381,0.2175792214564265
487,-0.38291610662974107,-0.018858427264017475,-0.11160658663969072
488,0.0502620669710839,-0.3278612610569981,-0.19136863995677897
489,0.0032822084755784325,0.093345180154863,-0.035708719486248264
490,0.24462330428271375,-0.5220042636700063,-0.21476886796582917
491,0.129540497311396,0.08932486048843465,0.41237682371920664
492,-0.49418240678378117,0.02630308791338796,-0.0772916903378127
493,-0.7139353665981119,0.7173589023232524,-0.07023513742029822
494,-0.37015494281337175,-0.03108868350214712,-0.11558188356940924
495,0.1905431501938414,-0.1923053588604262,-0.32900526296691956
496,0.1005870123891808,-0.3553241633609647,-0.4516692425938932
497,0.04800145958820605,-0.2006802057750909,-0.810955034450153
498,0.023428836447527586,0.10729848294825547,-0.56593636150482
499,0.01206114926591761,-0.007525947448350003,-0.22955927233136245
500,0.006371624144927812,2.140786729515653,-0.16913978795447823
501,-0.011410044540093917,-0.33484704946082516,0.2551871348447412
502,-0.01334066510738667,0.16163875145924161,-0.38134749656665706
503,-0.03229379652291388,-0.048883540897842304,-0.3790042426783461
504,-0.018138272383565586,0.00854676613860729,-0.17444170034439285
505,-0.2586121319865503,-0.05938055506694553,-0.08320844238254094
506,-0.1371746013577687,0.015339691825433474,-0.08414301056175658
507,-0.0483245898114609,0.01112236772800217,-0.04246411950424976
508,-0.024499638506749813,-0.0010486441649233626,-0.0190836255511287
509,-0.15209234684603234,-0.1828856301673829,0.028177634144833163
510,0.03917249402928297,0.03150361879679121,0.012885060665680879
511,0.46711826880294977,-0.041314236009584435,-0.11014219807117392
512,-0.20542964752070395,0.5818466935652346,-0.08390356113698455
513,0.06934127666332042,-0.03898930967789855,-0.14390401127842256
514,0.11399962280214698,0.3373877607867389,-0.09341420770553965
515,0.044055797543209534,-0.06287993739438079,-0.108579096276232
516,-0.7285154018388458,0.008479661821510456,-0.049661807499114606
517,-0.3377631787436892,0.09764166056621945,-0.1638432295186856
518,-0.004310404864931755,-0.10987111308843431,-0.1488294744331377
519,0.11169949768297159,-0.4576291945905151,-1.129814772158669
520,0.22696886001938626,-0.15837423358746905,-0.9893234777152888
521,0.2912579743840129,-0.2825322767447084,-0.9515745987292665
522,0.15399829921801617,0.09625793278297373,-0.5340828330855869
523,0.2415695659683328,0.041143741388303894,-0.40968372142083287
524,0.413128938973635,-0.007047810756680751,-0.14517586275620173
525,0.2216235706400656,0.0010026557075862932,-0.06463117135223585
526,0.001484027261500584,0.1729599906466241,-0.029695004944254758
527,0.9013724669281841,0.503332801281717,-0.09289216513855741
528,0.4763642676574369,-0.288966218360997,-0.04051487800272977
529,0.058317986221585655,0.28937276589342653,-0.04167429643923615
530,0.16456951742470238,0.593676779905381,-0.022196512270138823
531,0.4064839060012203,-0.10256028449421771,0.06503292782993382
532,0.23477110003287122,0.017452784132263355,0.11643163300373022
533,0.14046281603796493,-0.006492067634453001,-0.27747369014712303
534,0.3133181994520449,0.0021502537348582432,-0.13312563409456282
535,0.07686660960894366,-0.029107427659952053,-0.03402730015449371
536,0.040926388347860505,0.011796625224803901,-0.03930489594229281
537,0.001573215383075758,0.020024785643916937,-0.4352965167975747
538,0.08285025354255915,0.04911483479130512,-0.4118368091305648
539,0.04378302007778257,0.01964331281186084,-0.691080766949208
540,1.696102331075389,0.04521517973671732,-0.39422319212392587
541,0.9115042347318116,1.082216375748617,-0.2007474888172282
542,0.4154604109528375,-0.21573121561415293,-0.10104704178496064
543,-0.02688141640736022,0.08481552077953115,-0.4734428830902741
544,0.6994686618712366,1.18478865753548,-0.2966803949296703
545,0.9990717798797191,0.44824756243886793,-1.6845216783037191
546,0.5355638599173489,0.1373993941845394,-1.454942228884256
547,0.28303528902898095,-0.028716022017218422,-0.6660742966867588
548,0.21967283127855305,0.596373568238253,-0.6995023697440045
549,0.11260173387855332,0.6643693843914487,-0.8740464462623917
550,-4.450239613253613,1.6564108389096983,-0.7714708792224484
551,-2.5570545197133003,-0.28341256668627124,0.5872720487400337
552,-1.35151862751264,0.018319228671018317,0.2739971139654393
553,-0.704078749800203,-0.7444156673732218,-0.09868524493027542
554,-0.36027445569731,-1.6837337133379295,-2.8933709910426533
555,-0.11871017411800609,-1.5097146332405451,-4.169751824432345
556,-0.16957668786414926,0.21889789151771094,-1.6628146320982298
557,-0.11504500549979407,-0.7218851215139725,-1.0376685456615395
558,-0.06592974527994115,0.045796732780145705,-0.834659169304569
559,0.011544664265184398,0.12543805549641848,-0.0008927419595776698
560,-0.4213946940545329,-0.021206702165751073,0.028509151505992033
561,-0.3117307775600119,-0.5067010111307987,0.15609117032386788
562,-0.09346515008800195,0.04069931922538765,-0.008458520221643421
563,-0.05161888224057582,-0.0008401575249559591,-0.003747575035109349
564,-0.022624059829661623,0.08993403387150037,-0.0017134073729836866
565,-0.42322092051700516,-0.08117986748321308,-0.215487677342974
566,-0.20367054036045806,-0.08751351147322434,-0.1372545028023028
567,0.21869524078214198,0.022849276981398384,-0.09858011718453263
568,0.1914278308521375,-0.0020890090838932007,-0.04047102006265367
569,0.1258043708439148,0.2372977600641885,-0.17064254903757153
570,0.07187303463776111,-0.023894425487947984,0.31849087614197275
571,0.051729811747493,-0.062492539571770436,0.16131555139133488
572,0.04983816406626976,0.09709001588435082,-0.04857018907387434
573,1.365957908169724,0.3239122736672464,-0.1544812402159799
574,1.1991270176746411,-0.2495033113678729,-0.25451508991511784
575,0.6337560169907288,0.07973399522967219,-0.0977236254736344
576,0.33701810477347693,-0.013030171947423742,-0.045309848018634975
577,0.17810825859108526,-0.011742794956921133,-0.018630562620551953
578,0.006572048641042952,0.4449535895233056,-0.7797565743545485
579,0.01214443269750708,0.3608976654206191,-1.138140380563154
580,0.004974270908689842,0.17950243534501992,-0.8749647797309066
581,0.12791843658638968,0.15386793345125516,-0.4427716046602968
582,0.06736357957438406,0.3079737342720956,-0.10677793815643902
583,0.03753845745554481,-0.05176864374323183,-0.018417526504628016
584,0.06388255138672046,-0.7814967371970726,-0.011560386405505057
585,0.011343997545562451,0.20340627472513179,-0.08893433920535525
586,0.05341750933039277,-0.05101521978371339,-0.8813234270957226
587,-0.10052588718393775,0.008800074996250962,-0.12714954652035443
588,-0.04997911953218914,-0.02519342521860343,-0.05796147682565957
589,-0.10947465326370863,-0.0053289862610781755,-0.06575054128645708
590,-0.2792391576503837,-0.10902879536493586,-0.29541936641923117
591,-0.14721923462329703,-0.06011744136204521,-0.1346349917420654
592,-0.15903504038634075,-0.025549737061120906,-0.02017061635023451
593,-0.5446848787819696,-0.05418686269877987,-0.12221963784295145
594,-0.5237730650983261,-0.22926953014536258,-0.14562866800782448
595,-0.4039138812855674,0.02208231334486052,-0.2145023530493213
596,-0.2134437756367247,0.01197746666976923,-0.09806190419769341
597,-0.530870840378564,-0.4131071419719418,-0.38769573802538804
598,-0.45808747996706234,-0.1762599810153445,-0.7548113487807213
599,-0.2418923963884266,-0.29098415979700604,-0.7136518309425849
600,0.1181802931947053,0.48919188504246336,-0.6374123138097361
601,-0.013578841740235742,0.03704137948092626,-0.39129733618554235
602,-0.006501963290867228,-0.0059960521348571705,0.11459657913799576
603,0.15798400163156978,-0.0024922262009152724,-0.22168164382188724
604,0.08751481743630621,-0.31757310307367215,-0.3213124106775457
605,0.333609628200202,0.05544652203223471,-0.16033863334157566
606,0.22324764659471363,-0.07475093107611658,0.19938242426720837
607,0.022590570222670817,0.31308732726496447,0.08685396608937071
608,0.3971083353297603,0.18211540268033102,-0.2618262843175316
609,0.22507825335480044,0.2865514892666384,-0.1699644383128477
610,2.3400163720472285,-0.08584021281263433,-0.38469793684410086
611,1.2460552128983093,0.045425918600573954,-0.3304011430263164
612,1.1719769000930889,-0.3319033013056102,-0.15106501110359757
613,0.6915541927252149,0.2180887768022301,-0.3440592742433756
614,0.3656250317128731,0.849417979081664,-2.3954673171590586
615,0.19239753262523251,-0.33133351219198937,-1.5060046704518033
616,0.112259410528164,0.06253020937996065,-0.6849852516954213
617,0.11040377608505812,0.2539974574914506,0.03468684272562156
618,0.05383249280156711,2.721193825411068,0.01585198452497545
619,0.028473821772653375,-0.35729638683875886,-0.2323330827185103
620,0.01508766971269864,0.2615926828139467,-0.7901777150287482
621,0.006840681147121966,-0.003175294861286986,-0.4379603163831822
622,0.6176100256740407,0.000510122390389199,-0.31993403351037586
623,0.5009981632930082,-0.4622632113171655,-0.03479529064297486
624,-0.264300578677515,-0.3962938721142544,-0.02646448022917883
625,-0.09716730532665874,0.06843530067044547,0.08715041089589425
626,-0.051241450405852165,0.009569084014614654,0.03232239587617207
627,0.10434247490923032,-0.18708693072389074,-0.3418710411630237
628,0.049460407225201966,-0.3480790044960081,-0.3334459079340032
629,0.017344468873578895,-0.23137660978259422,-0.11450052843602568
630,0.008097426650891793,-0.05358530851249757,-0.11984123382172955
631,-0.20356903074473545,0.20619978810218798,-0.022952204398233658
632,-0.10809768947265683,-0.00025132853418779387,-0.08543350222963028
633,0.24554140063511504,0.003251595574253921,-0.03906153561480953
634,0.23210775426185443,0.013818290662317458,0.00032976924160400475
635,0.3376608483398865,-0.23825874867236732,-0.06675471034428061
636,0.17767081915522512,0.2117738108748609,-0.07913160671131364
637,0.05374846779847679,-0.03253851896825763,-0.34378152514941435
638,-0.4723144220694446,0.0054064041671509746,-0.15706135963199297
639,-0.24885134804056225,0.2154873476188448,-0.14036506794844603
640,0.6970112169523175,0.08923889548115689,-0.3758092044063066
641,0.6769535359889982,-0.016456612959099264,-0.6251231612496124
642,0.4551169934685478,-0.5046461759223047,-0.41085129988667785
643,0.5443487084738236,0.035288645409366964,-0.5140791013812223
644,0.32856383648944454,0.4730491848362337,-0.7992297092997567
645,0.1752306151272052,-0.110723047944822,-0.3778281448093026
646,0.15387606714885643,0.33378550145499364,-0.6653435671058104
647,-0.10984327355755855,0.1772050543878059,-0.7249670578633755
648,-0.29387354866798265,0.19998387448131993,-0.5463895406601157
649,-0.2553916884727942,-0.14422848410487188,-0.2592199602267107
650,-0.6736827012177125,0.02860563271195856,-0.1263612454536674
651,-0.35055767583157366,-0.0960234474558144,-0.12422187030758437
652,-0.18437891353988153,-1.528341330603381,-0.5644527423368367
653,-0.09641439283519136,0.26504070992127654,-0.25741792337330566
654,-0.055744419947219785,-0.06044486718049407,0.1396144266245573
655,-0.029513526875296917,-0.192361396800032,-0.40382760088480213
656,-0.12520674310856855,-0.18389658393924263,-0.19157653958648446
657,0.6281133670098026,-0.061975380747830315,-0.1505489996059642
658,0.5026063570561793,-0.0287949667187313,0.06823531445236136
659,0.29587816565904984,-0.015920898370707592,-0.014708770095893012
660,0.5124183170710491,1.5795914202509276,-0.09760677416323321
661,0.26724980320188585,-0.27955497882821556,-0.0596783704855125
662,0.18468769846099684,0.47986266107888825,-0.5177176798374403
663,0.09956042584445421,0.34921724323205827,-0.7448036466075405
664,0.05268850319041217,-0.3697206947687212,0.4051604006445733
665,0.03321808914912201,0.02672124750763743,0.40733247250553484
666,0.028452514304348038,-0.004260822129817021,0.18828362581508076
667,-0.2294136010817333,0.0424948150205152,0.02404627859697507
668,0.3174617215756418,-0.007330521287119435,0.03508857085143095
669,0.045318197318098594,0.8798537448676362,0.02195332157543489
670,0.02628236341937022,0.8207567887912892,1.3105888652287514
671,0.008733584080038059,-0.14140942256352035,0.5992232753769831
672,-0.012056373237576147,0.025261124643210724,0.1911154892347549
673,-0.03527755001185964,-0.05271331092439681,0.0865261452671744
674,-0.038668025436276024,0.024904554597466724,0.021238628644351117
675,-0.02177201297412857,-0.3447275723177318,0.05099008707512785
676,0.05205273653514448,0.12738353758773405,0.023601422345012908
677,0.09608454321317925,0.5325294188915048,0.051399610456988355
678,0.04547049108573113,-0.0935280806258419,-0.0012657062199665607
679,2.4652745960816516,-0.00795502271523367,-0.18413094760255677
680,1.3025699672287618,0.3317574304975904,-0.09932050173333684
681,0.6985020105043355,0.02340975336440499,-0.08486709537648789
682,0.369643967931882,-0.005808026080901359,0.009103146715643579
683,0.2194085777271737,3.576849419977968,-0.12592682697802682
684,-0.02019509194955306,-0.10139626549882133,-0.9624478044653504
685,-0.0180507267042632,0.0992961190899704,-0.32965817417068155
686,-0.21499542730321192,0.19305487273714594,-0.7882757169508812
687,-0.11359387914424268,-0.25868261976844975,-0.512776105254842
688,-0.06020355635073003,0.02073042961571108,-0.1975662939195626
689,0.028982546639037335,-0.05611068971239511,-0.10339769686027506
690,0.015021439308317336,-0.07049084466899815,-0.19294960353810792
691,0.09699238088506544,-0.5583552314962967,-0.23751396395183125
692,0.0512472142035289,0.09819669484436115,-0.21642438481124407
693,1.2858613918116402,0.014034742946374041,-1.1043599817287417
694,0.679301831973012,1.5885226121622378,-0.41460055166083337
695,0.39481129781106594,-0.27399807384296965,-0.5386217005990754
696,0.08557282044995594,0.0835401338924944,-0.31276452773083097
697,0.04635545813741643,0.4486078246259739,-1.140055726076093
698,1.316491389613205,0.38901876185895257,-1.5262941346276433
699,-0.20521938651270322,-0.03476173623712669,-0.6968438552412176
700,0.05112469185029164,0.0056597943377439145,-0.2620187968757429
701,0.030414936699223932,0.9174708127048493,-0.25729929814516306
702,0.013988332165264305,-0.30355722359235265,-1.0466665013263563
703,0.14552177171619443,-0.18359388572886817,-0.4996851271554106
704,-0.0019625609932651528,0.032903152761002585,-0.16811928441257232
705,-0.032541568568167846,-0.3131150583535677,-0.24451411411955787
706,-0.017654276893646254,0.04346519568752705,-0.15390555148660548
707,0.17448584655020802,-0.019124017973065774,-0.0737502050227197
708,-0.0072635115616756785,-0.019718532232478728,0.28444240526368814
709,-0.002590774580558311,0.3803484615355599,0.09963069042262668
710,-0.001369575175234737,-0.0675288000107648,0.046146859995470677
711,-0.0007165971193741552,0.1352121808096367,0.02505675061685761
712,0.1297488725597842,-0.04837639874887409,-0.10925132651007441
713,-0.11456223429079354,-0.10535664758071214,-0.03467643899652646
714,-0.07256619017609395,1.0877714976402302,-0.2048907520945219
715,-0.06280082590421644,-0.22200728661253183,-0.11550625611262788
716,0.04345009746859241,-0.199193919599447,0.07478633003328092
717,0.6039245258450383,0.045895883255754125,0.03400591485965758
718,0.32167177423492976,0.06313835128731529,-0.0658706502728697
719,0.19643132575700914,0.05648814378381053,-0.1697655288862945
720,0.10981591499401397,0.01627512112307846,0.07427731282348723
721,0.05767487380802829,0.22486471695122986,-0.35375323677825904
722,0.025256106334755318,0.02587939836433546,0.014687099092304062
723,-0.1008869339561482,0.00853778770848718,0.23315133549450953
724,1.0317556605823202,-0.29504844401529245,0.38455919577903297
725,0.5452426846434559,0.79259959339391,-0.015710572165510403
726,0.288144217385961,-0.35890268196365044,-0.803766048169165
727,0.15440555027378008,0.19283105569792205,-0.74680876823973
728,0.07818834175825262,0.4401922790299018,-0.6730246360348278
729,0.030148191022705027,0.028739889357300444,-1.1617920241997148
730,0.015958596154336785,0.2745645319381139,-0.7856311793852889
731,0.021442285737421546,-0.11032458942854656,-0.5499371175773038
732,0.009088378563759601,0.14480401189073358,0.04942758910384748
733,0.2012945107032471,-0.0036410648208806766,-0.03168252038542989
734,-0.29515594547329427,0.012026195241317436,-0.0013637576107467728
735,-0.15080178008836226,0.0020914964632726737,-0.016825214212310667
736,0.0862741556271523,-0.12265466317994818,-0.2080751819969149
737,0.04692386342572433,0.017050211046810204,0.0009141229302694759
738,-0.1185595142155223,0.1785042152623342,-0.002946162144661146
739,-0.05905510518957835,0.06593334046173349,-0.16422726034400922
740,-0.07639796193353753,1.4270492148967735,0.1535368812038345
741,-0.02540973379720795,0.21918930977146817,0.05555019624447143
742,0.23032198863527015,-0.1374864573679018,-0.14378567956202903
743,0.6784021220823679,0.031142869064019845,-0.06713794184718998
744,0.32771393847963337,-0.023355868841521694,-0.0850632744261839
745,0.16946408313815894,0.24084168220168511,-0.07434535222319386
746,0.07981724383101875,0.4422714851542364,-0.1418432416722359
747,0.05699402359751928,-0.10401685090148549,0.21648443834381315
748,0.1425714360168163,-0.05343305502694615,-0.3885220597888145
749,-0.31243744910462223,0.05076581974295903,-0.4245792693630911
750,-0.008980591629543566,-0.03463211582674307,-0.10341608918818603
751,0.6733225169206538,0.004368291401891971,0.3157498877318701
752,-0.42976791495571287,0.3749664621422827,0.6157690553429737
753,-0.21918491316996222,-0.04450124597030326,-0.9558345872767913
754,-0.13646573314930352,0.47774497904368307,-0.4440256279248796
755,-0.07308526980933322,-0.7109918039558583,-0.7455109598746257
756,-0.06740134559438016,-0.1008843973388937,-0.8449865257688076
757,0.05055843499709966,0.005246165389912658,-0.4125105596720445
758,0.05993227746049485,0.014398645837629464,-0.2231436378705181
759,0.03179188958733357,0.1639740627103223,-0.04760882091304985
760,0.02431965385723598,-0.004257709089422947,-0.021729419209512393
761,0.9304105147373649,0.24512819536212221,-0.3421701101363055
762,0.43859707874805726,0.1089899825173514,-0.15792709244826034
763,0.21872731924827693,-0.0016803835945276774,0.07979981916677882
764,-0.8943863976804741,0.2984602132640289,-0.3410459155158319
765,-0.5064438438156841,1.3347923648293596,-0.1597654450433582
766,-0.2678307158421541,0.3076658275468502,-0.7890083823267416
767,-0.6101718306779027,-0.050169939199103654,-0.332143255896424
768,-0.24172297333780746,-0.16454450725405223,-1.6330048707744487
769,-0.12789415488395925,-0.054146230582655504,-0.7673638193629126
770,-0.07644319508595834,0.00041832191294519094,-0.3345997618452653
771,-0.19532385688390053,-0.8834061000404756,-0.3054911429960888
772,-0.10089863098014543,0.08678928433235752,-0.6091747028340597
773,-0.07747008798568353,-0.16628128085920646,-0.35117197155851754
774,0.024311492275764235,0.028850673186195375,-0.16398771828684774
775,-0.13782757619704344,-0.07640632169301843,-0.23083175480680385
776,-0.07270359333680816,-0.058460775833614684,-0.4010015545333875
777,-0.06041169458970746,0.05965856880338263,-0.1349001443898416
778,0.03418922000484691,0.007983368245267512,-0.011062214728157174
779,0.006824022630593667,0.06294760011942842,-0.006792377638767777
780,0.0662720852670124,-0.011035131808191836,-0.003635601265402386
781,0.033679993920289114,0.021435203233712837,-0.06705621664076065
782,-0.006392670231293186,0.01975334138679985,-0.07551039630680101
783,0.0022174766933717293,0.03856600626411986,-0.06418551173060616
784,0.013455321112103243,0.0575195343746074,-0.0744902777310357
785,0.008999150729398891,-0.013812217342897866,-0.0574799770156078
786,0.006600535272915568,-0.030128684918431438,-0.058195565860891696
787,0.14403545264296785,0.005083686241808899,0.05311132009719466
788,0.07243415843785879,0.06116160665520199,0.018542051972330508
789,-0.5272002185608368,-0.0627203663357041,0.00016340721962388761
790,-0.278709948615717,0.213424498206017,-0.15558967481299193
791,-0.10397781085796193,0.2870426450609233,0.03978730222255529
792,-0.2715322547867475,-0.41549077447949645,-0.08476486049450643
793,-0.14389289541236533,-0.12557657512052228,-0.11512805681330517
794,-0.009045812664491837,-0.12602759166879948,-0.2929481996283461
795,-0.030124441064959304,-0.051848514987669556,-0.13990863765774073
796,-0.01606699583842497,0.2721937374987673,-0.0630234009936291
797,-0.029926983982613013,0.17868630849788128,-0.0387890253170636
798,-0.015178335108620739,-0.05257530138170511,-0.024044527325350583
799,-0.006677947591980276,-0.687442791551978,0.004281309366712293
800,-0.37912709854522064,0.1130155179805637,-0.012044616704751342
801,-0.34326884923518897,-0.129733675969045,-0.015509977445553937
802,0.06471944240861044,0.01874614267723148,-0.02616313955557305
803,0.48905412853058705,-0.7907621512278173,0.003386861224151525
804,0.25851023192334416,0.21149971404155937,1.3374023214067876
805,0.20403446598212036,0.17611610752689577,0.7716217734641332
806,0.09258372762863216,-0.12155881569560398,0.09192341447563217
807,-0.14423958825724456,0.07617789877128991,-0.10262828694712287
808,-0.07623104737095349,-0.07046405821977253,-0.12739528620806662
809,0.7858031200051779,-0.039407160573199936,-0.05858283380029846
810,0.4550702903301388,0.003373417074899224,0.2740367731513999
811,0.21056773633609052,-0.041406839831077194,0.010592277542501756
812,0.35459230666197106,0.5634632981349882,-0.04810388936210419
813,0.29095845793642733,-0.11567450909958493,-0.021353370564597737
814,0.156851708043211,0.5794214920538886,-0.5583725609561464
815,0.027760060545947776,0.04937802746105915,-0.5851014782093692
816,-0.0713748061298644,0.24239484442727746,-0.10112472234603487
817,-0.03412183401640112,-0.0641109148227349,-0.23076883266499412
818,-0.12847717249505938,0.12510746566832603,-0.3076182230506302
819,-0.04593420000881987,-0.0344412052619556,-1.5589359138591858
820,-0.24123741297848378,-0.02116332072818532,-0.7622146211472252
821,-0.21412812233983883,-0.054980432574285205,-0.33446484846295116
822,0.6308205056058337,-0.135790985852429,-0.5910230365352901
823,0.33257048375806025,1.0237584576111398,-0.6745558216637293
824,0.047087284191845685,-0.13784559419627462,-0.09838612720189507
825,0.02434458866771263,0.05365760157527487,-0.4521953025427657
826,0.04183637978468624,0.4546052822155092,-0.7342699510789512
827,0.036500044948506734,-0.08303958304515986,-0.3361413450569141
828,0.014598471774930875,0.036213807220685734,-0.3136908301850747
829,0.014712900543903574,-1.8756434400190312,-0.23229131969847847
830,0.22387325483585147,0.35316337876744913,-0.11628194664719486
831,0.10224678731138137,0.0808342221250288,-0.043765825419676996
832,-0.40909490471084786,-0.09333089164437076,-0.023688367923626157
833,-0.23592135623180152,0.016092268725752496,-0.010927913578971065
834,-0.22053823312707183,-0.04427128836411154,-0.05716348672360716
835,-0.12818403744197504,-0.2835431522431202,-0.11177544944800008
836,-0.018955494599355242,-0.040521114732798576,-0.19015278060234964
837,-3.1983528996573676,0.45587409011216,0.8461680768075355
838,-1.6739030290060948,-0.15117072995698877,0.46849259501213936
839,-0.3280640836971993,0.05213296322846958,0.21436207937403554
840,0.611861325529239,-0.022349069231703135,0.007899122409080103
841,0.37859341351509074,-0.09244405822876722,-0.3247000948526348
842,-0.03914505248428751,0.8342006399382232,-0.11587442543611756
843,-0.020463965396547653,-0.574223901518323,-1.215042752043751
844,-0.01074864517831675,0.5309181021975783,-0.6025211377293328
845,-0.028587783242558677,-0.3713398254242672,-0.27558358232626434
846,-0.677962487149187,0.11295630349606944,-0.12572948291648517
847,-0.342450646724654,-0.03470644536732587,0.16425862507907307
848,-0.11687015252245042,-0.019423562013837787,0.06001660040926418
849,-0.08846982233283626,-0.030057428807589846,0.027461844459547996
850,2.8198209591670205,0.4352863721771855,-0.021933980060351934
851,1.180529085525279,-0.12486601906592756,-0.01232252592126598
852,0.7174165819175207,-0.06404509659397521,-0.24338645952358784
853,0.20904165036209002,2.006816176982449,-0.20548534517162173
854,0.10410858186547957,0.4893631340394214,-2.0516606941762383
855,0.05539333193629765,0.3070639333504299,-0.9816438704514076
856,-0.5265530749411806,-0.07451275038597503,-0.9820027176194993
857,-0.27811002988165573,0.012853733567783868,-0.4956425926413387
858,-0.8482269667186405,-0.021333366706522774,-0.15066007010428822
859,-0.43576550178412643,0.028142291854898388,-0.14087410051562702
860,-0.22611070584368365,-0.29906881366473065,-0.13764077208485911
861,0.057522026844460644,0.20669544282549657,-0.1986479457169359
862,0.022215861055163905,0.027499636431922245,-0.22254043139500382
863,0.015222959703978176,-0.011674108779698001,-0.004338856248024714
864,-0.16485380562364713,0.5208924572405537,0.02800795239377844
865,-0.08712337998649756,-0.36966360899917444,-0.15073079311419824
866,-0.04787281357071053,0.007201591075694361,-0.06891650702532165
867,-0.025920817056538224,0.011600308156892659,-0.03518828308290836
868,-0.022697513813711434,-0.6394498675824055,0.06277915432082383
869,-0.3033764226148948,0.04457270718011825,0.08885239126461478
870,-0.15859370159703026,-0.0005303339193567305,0.04061481755016614
871,-0.08746084420143241,-0.0657619158448026,0.016159322199278126
872,-0.2912026111592791,2.5371836108745778,0.030280763040175754
873,-0.1519304254278401,-0.5676600292708729,-0.1965840586969993
874,0.19704674154457924,-0.016417321018126322,-0.29685810632634035
875,0.08359365414294122,0.0013059302539748232,-0.13815294258716046
876,-0.1648143391640125,-0.0033913417821994406,-0.04427737792942747
877,-0.05754016375717401,-0.011419628857356146,-0.7389258424004572
878,-0.030953703863137807,0.060917010958185844,-0.47457398462267386
879,-0.0033312288767968212,0.05179513587109848,-0.7631483274279957
880,-0.002455451946205231,-0.5459014863552881,-0.45000328884054475
881,0.2715969363696244,0.09809240785126323,-0.246979865260898
882,0.3702000557959251,0.1856194703757307,-0.07512416598759816
883,-0.2739331274706019,-0.0033322373592300086,-0.06627165823203762
884,-0.24032152441110516,-0.0007857820779046496,0.0656259362483609
885,-0.12702753511640205,0.002770234868995065,0.06335938290249112
886,0.26036807673893125,-0.5230674321802321,-0.5121627364049659
887,0.13776486206987631,0.22414566918504136,-0.45870578843285237
888,0.34312423372135686,0.07247570270833317,-0.353820339566021
889,0.19522293109185845,0.28179346460353655,-0.25720694003582373
890,0.11203848621240932,0.02706568239174307,0.4505658441473246
891,-0.46376949089120767,0.11971455376058143,0.2072403080902382
892,-0.24263616757032333,-0.04707098581800511,0.09455296581597729
893,-0.1296315117719265,0.11977467369623526,-0.0974495968568836
894,-0.081579567092274,-0.019443173117171544,0.3764629590034933
895,-0.08868356865683033,-0.5264502666103996,-0.2001605681014175
896,-0.25904568836016434,-0.0014945489830422596,-0.2604226628561805
897,-0.13695492612863586,-0.18447365891615258,-0.21021915443389944
898,0.13109653500739188,-0.10456807702131801,-0.15305947665236438
899,0.06918052274527237,-0.25331290673821144,-0.21509114740838542
900,0.006161144584899254,-0.06518651692217209,-0.12014025496273642
901,-0.0011563618967768067,0.011634137629438107,0.13261927589907435
902,-0.10654928109600824,0.02626932166003433,-0.031094284173042115
903,-0.06178001794611247,0.042629419375299044,-0.10640620737986137
904,-0.018625633691544213,0.17580033485117014,-0.10096571118527964
905,-0.0029752563700289683,-0.03093802093640686,-0.16111836308955846
906,0.014963008196401449,0.08145594522626622,0.016522758188306036
907,0.007909475825240576,0.2585149492116959,-0.8171215461799726
908,0.005424886709884421,-0.3352997892880671,-0.4265252799169228
909,-0.10632346126150688,0.06432522527245046,0.6866592905942994
910,0.29143726145811216,-0.008274798708008558,0.31501492807501885
911,0.054366216044518426,-0.08987995927513254,0.40645640066871347
912,0.0285194888958175,-0.150903818102568,0.17606927778107598
913,0.0348669522168038,-0.39299899760011264,0.10857249504657406
914,-1.3866298926824845,0.03858145890532276,0.48979387539367575
915,-0.6078475788539998,0.2836733185570164,0.03522145607581281
916,-0.32291398532637494,-0.15107851875483003,0.02254272187711029
917,-0.21342497849927863,-0.005954758105840032,0.19043215984738984
918,-0.11218386282487113,-0.43142582112808264,-0.8578248849233413
919,-0.05428897511787792,-0.13808503036953768,-0.815317991194781
920,-0.026762522945676732,-0.24089375563811996,-0.37268427847723185
921,0.29562751527073633,-0.144708124941187,-0.45820733295154326
922,0.15281713005172465,-0.30832752904315097,-0.16854483416396682
923,0.07341990112347624,-0.033532647462165915,-0.1588281510371293
924,-0.5993937367388993,0.20522891907538612,-0.09245590704828183
925,-0.2990044308674469,0.3825005067473797,-0.06589505479488615
926,0.15842758400171902,-0.013666898268141346,-0.13644069510804283
927,0.12186418465586137,0.10779841335304793,-0.1684303637781914
928,-0.11798489969807356,-0.3560365813503338,0.13415564029233856
929,-0.13293723307246635,0.11775659334076713,-1.0417765022734997
930,-0.23003834834023257,-0.002880751320513391,-0.47931562103421893
931,-0.010821729402583177,-0.022536583502516742,-0.20222574882346991
932,0.290238029959433,-0.11880145787741925,1.7691499662417045
933,0.152086813015681,0.027690279707411537,-0.36142162318341575
934,0.06360434002532735,-0.1676142920943576,-0.3716287751110299
935,0.02994213480281415,0.028992665542272693,-0.1743242857809819
936,-0.2573071803231177,0.33368752638140126,-0.20630539068510334
937,-0.1252248536379378,0.01638699620252628,-0.1968145428356791
938,-0.06646042640585982,-0.0967906796279736,-0.2041676479819416
939,0.732653111727951,0.02153799362155205,-0.09268512184156602
940,0.3752749710234169,-0.028291542754284783,-0.0424193343760998
941,0.19942814877734572,-0.1030651274626436,-0.07879204667803127
942,0.3628260722744489,0.536876212210668,-0.08216455228249353
943,0.1929404226756854,0.17210017012807088,-0.5385186279784626
944,0.05030160385017069,-0.13477088460833136,-0.21471864155412837
945,0.22206217394896816,0.023503090444405798,-0.09808956405335402
946,0.22200590515669028,0.13952979407819088,-0.29670384530550076
947,0.12684891225966444,0.04245700657688739,0.48349500775011617
948,0.037080231601015354,0.14978488342195148,0.1861604116214632
949,0.018743544687807475,-0.2123104721699333,-0.008519650125948852
950,-0.09236730182687895,0.19375474291321834,-0.32033638754739824
951,-0.13470318463473088,-0.037891240082334764,-0.10814464667588927
952,-0.05757490937295089,0.06404948379168013,-0.13814911739350114
953,-0.018896876404878353,-0.07847665914658473,-0.24505904880397217
954,0.17989016527162824,-0.04664239921932611,-0.07601750040477034
955,0.3243770902895485,-0.5813987359600056,-0.07687262864686956
956,0.17143778461188514,0.2994607893509848,-0.2530263888778111
957,-0.3304119377376709,-0.5601928777145552,-2.3210325491107437
958,-0.07684381543958466,1.2088052694625537,-1.0769920453276534
959,-0.01030187070196252,-0.21056880257641938,0.43904900259772617
960,-0.011184872797924773,-0.2719442890053968,0.08130155421174474
961,-0.00168202466947928,0.060666644406178825,-0.16503422978300186
962,0.05147021026626091,0.019897701082852715,-0.2979711158603711
963,0.08255955331728947,-0.0019614960639229104,-0.13414355813141454
964,0.04313505396381261,0.3569503156489587,-0.09021862089799308
965,0.09411162876677,-0.06144718762500797,-0.32851802325513685
966,-0.9313731791769811,0.010038357071761955,-0.27997526514916016
967,-0.6619251893684217,-0.04489817424378044,-0.1280278433617433
968,-0.3122264399774634,-0.030594056560967323,-0.05509821130147632
969,-0.16557623977046124,0.07190050377242063,-1.6137869793240796
970,0.0414771415155068,-0.671622341721287,-0.8031873071084579
971,0.02397756167110456,-0.09785362391253535,-0.848739219103009
972,0.012671670269938626,0.01323433623348904,-0.28626429376534723
973,0.007842917311925959,-0.0016786639103293364,-0.29248054893230274
974,-0.03455923395351667,-0.7310185818816992,-0.15278664305145165
975,0.023237332774710382,0.11907732728227344,-0.08000616219396464
976,0.20784697101760616,0.4394658291041226,0.11583098933410094
977,0.14739322680857014,-0.09566096720665622,0.0913873400911076
978,0.20882622633293982,-0.3454421704652799,0.040274440700198144
979,-0.08447550487268785,0.056551081776693615,-0.007646735100303175
980,-0.028607014586565865,0.094566733557063,-0.15152608474020296
981,-0.012712566749558521,-0.03413372926291768,-0.12874641395120817
982,0.4145555949180271,0.007700369651477368,-0.08783525321119093
983,0.16921087253220174,-0.0011211366762939455,0.11517040613584306
984,0.18226724516107895,0.007764753365415779,0.21601722930944048
985,0.09465882374991276,0.5292924652431281,0.021766548546132372
986,0.06285648034608568,0.0785708331261683,0.010289788657412232
987,0.0331874316524052,0.08419443629177124,-0.287780713414901
988,0.01713295588871784,0.18243918589708624,-0.34726890062712623
989,0.008395211300700424,-0.07593713102683852,-0.23648884051781535
990,0.004121181082621008,-0.0045463766277952095,-0.10812676145296532
991,0.003559142948665419,-0.0031452266025522916,0.9500371284824268
992,-0.2083860596228174,0.006484736112152714,0.35367082061570854
993,-0.13710812254918253,0.04970928063290165,0.020289506560538545
994,-0.262435545401251,-0.018001853928733748,-0.0032890168559632747
995,-0.1303213454479428,-0.5542547040141695,-0.002133300309877242
996,-0.0689028022254428,-0.001431171223350294,-0.35712898955645633
997,-0.03641264823519226,-0.08913201430354051,-0.35335095635401964
998,-0.16056250964465701,-0.08137108789694965,-0.3528645038430265
999,-0.08658142145824214,-0.8835475972927377,-0.45296273250097385
