,Nb process http,Nb process php,Cpu http,Cpu php
2020-09-08 19:56:00,225.0,34.0,0.09,22.18
2020-09-08 19:57:00,237.0,40.0,0.41,24.99
2020-09-08 19:58:00,216.0,36.0,0.13,23.59
2020-09-08 19:59:00,236.0,39.0,0.25,29.38
2020-09-08 20:00:00,235.0,35.0,0.15,22.46
2020-09-08 20:01:00,245.0,33.0,0.36,21.11
2020-09-08 20:02:00,255.0,37.0,0.33,24.8
2020-09-08 20:03:00,227.0,36.0,0.06,23.33
2020-09-08 20:04:00,244.0,36.0,0.38,23.82
2020-09-08 20:05:00,254.0,35.0,0.33,23.47
2020-09-08 20:06:00,208.0,35.0,0.03,22.48
2020-09-08 20:07:00,224.0,36.0,0.33,23.39
2020-09-08 20:08:00,272.0,37.0,0.47,26.71
2020-09-08 20:09:00,231.0,38.0,0.06,27.34
2020-09-08 20:10:00,242.0,34.0,0.59,22.27
2020-09-08 20:11:00,241.0,34.0,0.09,22.26
2020-09-08 20:12:00,255.0,33.0,0.47,21.29
2020-09-08 20:13:00,209.0,33.0,0.04,22.57
2020-09-08 20:14:00,253.0,33.0,0.91,22.25
2020-09-08 20:15:00,203.0,35.0,0.09,22.29
2020-09-08 20:16:00,223.0,36.0,0.42,22.46
2020-09-08 20:17:00,227.0,34.0,0.19,23.52
2020-09-08 20:18:00,243.0,41.0,0.4,26.47
2020-09-08 20:19:00,254.0,35.0,0.45,23.21
2020-09-08 20:20:00,252.0,39.0,0.07,27.15
2020-09-08 20:21:00,224.0,36.0,0.03,24.02
2020-09-08 20:22:00,240.0,33.0,0.11,21.59
2020-09-08 20:23:00,249.0,36.0,0.38,24.61
2020-09-08 20:24:00,237.0,34.0,0.11,22.82
2020-09-08 20:25:00,236.0,33.0,0.11,22.18
2020-09-08 20:26:00,249.0,36.0,0.24,25.25
2020-09-08 20:27:00,228.0,37.0,0.1,25.31
2020-09-08 20:28:00,273.0,37.0,0.47,26.96
2020-09-08 20:29:00,231.0,36.0,0.03,25.45
2020-09-08 20:30:00,245.0,33.0,0.4,21.56
2020-09-08 20:31:00,233.0,37.0,0.05,25.31
2020-09-08 20:32:00,279.0,35.0,0.78,25.24
2020-09-08 20:33:00,242.0,38.0,0.09,26.46
2020-09-08 20:34:00,225.0,36.0,0.04,25.09
2020-09-08 20:35:00,254.0,36.0,0.19,26.2
2020-09-08 20:36:00,266.0,34.0,0.68,23.56
2020-09-08 20:37:00,275.0,34.0,0.59,23.24
2020-09-08 20:38:00,295.0,36.0,0.82,27.31
2020-09-08 20:39:00,240.0,31.0,0.08,20.98
2020-09-08 20:40:00,282.0,31.0,1.47,21.26
2020-09-08 20:41:00,258.0,33.0,0.29,22.58
2020-09-08 20:42:00,241.0,36.0,0.07,26.43
2020-09-08 20:43:00,251.0,36.0,0.44,29.52
2020-09-08 20:44:00,261.0,33.0,0.37,22.66
2020-09-08 20:45:00,237.0,41.0,0.29,27.1
2020-09-08 20:46:00,224.0,45.0,0.26,26.39
2020-09-08 20:47:00,237.0,35.0,0.55,20.23
2020-09-08 20:48:00,259.0,35.0,1.34,21.5
2020-09-08 20:49:00,222.0,34.0,0.19,20.17
2020-09-08 20:50:00,244.0,32.0,0.81,19.86
2020-09-08 20:51:00,206.0,33.0,0.09,20.77
2020-09-08 20:52:00,201.0,33.0,0.08,21.04
2020-09-08 20:53:00,249.0,37.0,0.64,23.94
2020-09-08 20:54:00,235.0,37.0,0.19,26.0
2020-09-08 20:55:00,221.0,35.0,0.04,23.9
2020-09-08 20:56:00,270.0,34.0,1.02,21.68
2020-09-08 20:57:00,279.0,38.0,0.79,25.81
2020-09-08 20:58:00,255.0,40.0,0.24,25.64
2020-09-08 20:59:00,265.0,35.0,0.68,21.54
2020-09-08 21:00:00,245.0,33.0,0.21,20.06
2020-09-08 21:01:00,222.0,34.0,0.38,21.29
2020-09-08 21:02:00,243.0,34.0,0.92,21.27
2020-09-08 21:03:00,217.0,34.0,0.1,21.33
2020-09-08 21:04:00,209.0,32.0,0.26,21.09
2020-09-08 21:05:00,257.0,34.0,1.08,21.89
2020-09-08 21:06:00,236.0,38.0,0.29,28.34
2020-09-08 21:07:00,207.0,35.0,0.19,23.27
2020-09-08 21:08:00,235.0,36.0,0.6,26.44
2020-09-08 21:09:00,193.0,35.0,0.07,22.38
2020-09-08 21:10:00,216.0,33.0,0.23,20.52
2020-09-08 21:11:00,231.0,32.0,0.34,21.18
2020-09-08 21:12:00,231.0,38.0,0.28,25.44
2020-09-08 21:13:00,216.0,33.0,0.21,21.05
2020-09-08 21:14:00,226.0,34.0,0.99,21.89
2020-09-08 21:15:00,182.0,34.0,0.06,21.72
2020-09-08 21:16:00,214.0,35.0,0.37,21.96
2020-09-08 21:17:00,214.0,36.0,0.18,22.91
2020-09-08 21:18:00,261.0,36.0,1.54,23.51
2020-09-08 21:19:00,215.0,39.0,0.06,26.41
2020-09-08 21:20:00,249.0,37.0,0.76,24.48
2020-09-08 21:21:00,263.0,40.0,0.9,23.59
2020-09-08 21:22:00,214.0,38.0,0.06,25.21
2020-09-08 21:23:00,222.0,34.0,0.12,21.64
2020-09-08 21:24:00,247.0,34.0,0.36,21.59
2020-09-08 21:25:00,193.0,33.0,0.03,22.36
2020-09-08 21:26:00,230.0,33.0,0.62,20.77
2020-09-08 21:27:00,218.0,33.0,0.37,21.42
2020-09-08 21:28:00,210.0,36.0,0.41,22.96
2020-09-08 21:29:00,224.0,35.0,0.48,22.59
2020-09-08 21:30:00,217.0,36.0,0.07,22.66
2020-09-08 21:31:00,198.0,35.0,0.06,21.94
2020-09-08 21:32:00,244.0,32.0,0.61,20.48
2020-09-08 21:33:00,207.0,35.0,0.03,22.64
2020-09-08 21:34:00,203.0,35.0,0.11,23.79
2020-09-08 21:35:00,251.0,36.0,0.49,22.15
2020-09-08 21:36:00,230.0,37.0,0.08,23.02
2020-09-08 21:37:00,198.0,35.0,0.04,22.26
2020-09-08 21:38:00,229.0,32.0,0.54,19.68
2020-09-08 21:39:00,220.0,32.0,0.03,20.46
2020-09-08 21:40:00,201.0,36.0,0.42,24.01
2020-09-08 21:41:00,230.0,34.0,0.38,20.61
2020-09-08 21:42:00,200.0,34.0,0.03,21.21
2020-09-08 21:43:00,218.0,35.0,0.34,20.52
2020-09-08 21:44:00,206.0,33.0,0.32,20.1
2020-09-08 21:45:00,191.0,33.0,0.02,20.98
2020-09-08 21:46:00,207.0,32.0,0.82,20.55
2020-09-08 21:47:00,203.0,32.0,0.19,20.42
2020-09-08 21:48:00,217.0,35.0,0.54,21.74
2020-09-08 21:49:00,205.0,35.0,0.21,22.25
2020-09-08 21:50:00,221.0,35.0,0.49,21.54
2020-09-08 21:51:00,205.0,37.0,0.06,23.52
2020-09-08 21:52:00,227.0,36.0,0.57,22.19
2020-09-08 21:53:00,219.0,36.0,0.09,21.39
2020-09-08 21:54:00,236.0,35.0,0.25,23.59
2020-09-08 21:55:00,268.0,39.0,1.28,23.79
2020-09-08 21:56:00,224.0,31.0,0.95,18.55
2020-09-08 21:57:00,196.0,33.0,0.03,20.11
2020-09-08 21:58:00,220.0,32.0,1.19,20.11
2020-09-08 21:59:00,238.0,33.0,0.61,20.32
2020-09-08 22:00:00,189.0,32.0,2.04,20.11
2020-09-08 22:01:00,233.0,33.0,0.69,20.82
2020-09-08 22:02:00,242.0,36.0,0.79,23.8
2020-09-08 22:03:00,204.0,35.0,0.14,22.11
2020-09-08 22:04:00,220.0,36.0,0.48,22.07
2020-09-08 22:05:00,201.0,36.0,0.03,22.0
2020-09-08 22:06:00,237.0,33.0,0.86,19.66
2020-09-08 22:07:00,252.0,40.0,1.12,23.59
2020-09-08 22:08:00,205.0,36.0,0.18,19.62
2020-09-08 22:09:00,247.0,34.0,0.45,19.64
2020-09-08 22:10:00,202.0,33.0,0.02,19.72
2020-09-08 22:11:00,211.0,34.0,0.44,19.39
2020-09-08 22:12:00,226.0,33.0,0.96,19.36
2020-09-08 22:13:00,235.0,35.0,0.82,20.99
2020-09-08 22:14:00,243.0,36.0,0.59,20.73
2020-09-08 22:15:00,223.0,33.0,0.29,19.94
2020-09-08 22:16:00,238.0,35.0,0.53,22.43
2020-09-08 22:17:00,180.0,46.0,0.01,22.95
2020-09-08 22:18:00,171.0,93.0,0.01,33.7
2020-09-08 22:19:00,265.0,87.0,0.29,33.25
2020-09-08 22:20:00,242.0,44.0,0.16,15.96
2020-09-08 22:21:00,253.0,41.0,0.24,16.46
2020-09-08 22:22:00,262.0,33.0,0.97,17.25
2020-09-08 22:23:00,231.0,39.0,0.12,17.09
2020-09-08 22:24:00,226.0,37.0,0.14,19.64
2020-09-08 22:25:00,275.0,38.0,0.91,17.48
2020-09-08 22:26:00,252.0,36.0,0.17,18.46
2020-09-08 22:27:00,221.0,33.0,0.03,18.11
2020-09-08 22:28:00,235.0,34.0,0.82,17.73
2020-09-08 22:29:00,208.0,37.0,0.11,19.8
2020-09-08 22:30:00,219.0,35.0,0.79,19.74
2020-09-08 22:31:00,222.0,41.0,0.14,19.18
2020-09-08 22:32:00,213.0,35.0,0.38,19.27
2020-09-08 22:33:00,201.0,37.0,0.12,19.61
2020-09-08 22:34:00,243.0,36.0,1.28,19.56
2020-09-08 22:35:00,249.0,34.0,0.18,18.71
2020-09-08 22:36:00,211.0,33.0,1.17,17.75
2020-09-08 22:37:00,197.0,33.0,0.04,18.87
2020-09-08 22:38:00,190.0,32.0,5.83,18.09
2020-09-08 22:39:00,195.0,32.0,1.11,19.74
2020-09-08 22:40:00,227.0,32.0,1.39,19.54
2020-09-08 22:41:00,195.0,32.0,1.26,20.02
2020-09-08 22:42:00,173.0,32.0,0.04,19.69
2020-09-08 22:43:00,189.0,32.0,7.52,20.13
2020-09-08 22:44:00,193.0,33.0,0.05,20.61
2020-09-08 22:45:00,227.0,36.0,0.69,21.11
2020-09-08 22:46:00,239.0,40.0,0.81,21.43
2020-09-08 22:47:00,251.0,35.0,1.39,18.88
2020-09-08 22:48:00,197.0,34.0,0.33,18.27
2020-09-08 22:49:00,190.0,34.0,0.05,18.53
2020-09-08 22:50:00,179.0,34.0,2.8,21.34
2020-09-08 22:51:00,184.0,34.0,0.08,19.84
2020-09-08 22:52:00,207.0,34.0,0.66,20.21
2020-09-08 22:53:00,199.0,34.0,0.17,20.43
2020-09-08 22:54:00,201.0,33.0,0.11,19.98
2020-09-08 22:55:00,192.0,34.0,1.77,20.24
2020-09-08 22:56:00,180.0,34.0,0.28,20.56
2020-09-08 22:57:00,186.0,33.0,0.02,19.79
2020-09-08 22:58:00,213.0,33.0,0.86,20.79
2020-09-08 22:59:00,219.0,33.0,1.55,20.11
2020-09-08 23:00:00,173.0,34.0,0.04,18.63
2020-09-08 23:01:00,189.0,35.0,0.33,20.16
2020-09-08 23:02:00,161.0,34.0,1.11,19.98
2020-09-08 23:03:00,176.0,32.0,2.06,18.41
2020-09-08 23:04:00,211.0,33.0,0.57,20.29
2020-09-08 23:05:00,225.0,35.0,1.11,21.2
2020-09-08 23:06:00,189.0,35.0,0.09,21.62
2020-09-08 23:07:00,226.0,33.0,0.96,19.98
2020-09-08 23:08:00,186.0,34.0,0.07,20.74
2020-09-08 23:09:00,190.0,35.0,0.11,19.63
2020-09-08 23:10:00,210.0,31.0,1.31,19.86
2020-09-08 23:11:00,180.0,32.0,0.19,19.62
2020-09-08 23:12:00,177.0,33.0,0.03,20.32
2020-09-08 23:13:00,187.0,35.0,0.19,20.27
2020-09-08 23:14:00,190.0,34.0,0.04,21.56
2020-09-08 23:15:00,194.0,37.0,0.08,21.43
2020-09-08 23:16:00,195.0,34.0,0.31,20.93
2020-09-08 23:17:00,206.0,34.0,0.22,20.82
2020-09-08 23:18:00,223.0,33.0,0.44,20.85
2020-09-08 23:19:00,217.0,37.0,0.13,21.69
2020-09-08 23:20:00,213.0,34.0,0.16,21.14
2020-09-08 23:21:00,233.0,35.0,0.93,20.56
2020-09-08 23:22:00,215.0,34.0,0.16,20.59
2020-09-08 23:23:00,204.0,33.0,0.12,19.94
2020-09-08 23:24:00,207.0,33.0,0.03,20.8
2020-09-08 23:25:00,230.0,33.0,0.72,20.61
2020-09-08 23:26:00,207.0,35.0,0.2,19.86
2020-09-08 23:27:00,237.0,33.0,0.54,19.96
2020-09-08 23:28:00,198.0,34.0,0.04,20.71
2020-09-08 23:29:00,209.0,33.0,0.17,19.99
2020-09-08 23:30:00,222.0,33.0,0.14,20.75
2020-09-08 23:31:00,200.0,34.0,0.08,20.66
2020-09-08 23:32:00,220.0,35.0,1.2,19.79
2020-09-08 23:33:00,219.0,33.0,0.06,19.58
2020-09-08 23:34:00,200.0,32.0,0.05,19.49
2020-09-08 23:35:00,209.0,33.0,0.17,20.88
2020-09-08 23:36:00,230.0,33.0,0.92,20.32
2020-09-08 23:37:00,208.0,35.0,0.28,20.05
2020-09-08 23:38:00,226.0,35.0,1.16,21.38
2020-09-08 23:39:00,204.0,35.0,0.17,21.29
2020-09-08 23:40:00,248.0,34.0,1.39,21.19
2020-09-08 23:41:00,203.0,32.0,0.13,19.93
2020-09-08 23:42:00,229.0,35.0,1.67,20.34
2020-09-08 23:43:00,212.0,32.0,0.32,19.15
2020-09-08 23:44:00,223.0,32.0,1.45,18.5
2020-09-08 23:45:00,214.0,32.0,0.49,19.52
2020-09-08 23:46:00,197.0,32.0,0.44,19.91
2020-09-08 23:47:00,196.0,32.0,0.24,19.82
2020-09-08 23:48:00,187.0,31.0,0.46,19.94
2020-09-08 23:49:00,203.0,34.0,0.6,22.87
2020-09-08 23:50:00,218.0,34.0,1.68,21.91
2020-09-08 23:51:00,229.0,33.0,0.99,20.71
2020-09-08 23:52:00,210.0,33.0,0.24,20.34
2020-09-08 23:53:00,231.0,33.0,0.42,19.95
2020-09-08 23:54:00,196.0,33.0,0.03,20.61
2020-09-08 23:55:00,185.0,33.0,0.33,20.33
2020-09-08 23:56:00,229.0,34.0,0.81,20.43
2020-09-08 23:57:00,206.0,31.0,0.2,18.05
2020-09-08 23:58:00,216.0,33.0,1.57,19.73
2020-09-08 23:59:00,232.0,32.0,0.92,18.54
2020-09-09 00:00:00,245.0,31.0,1.1,18.26
2020-09-09 00:01:00,206.0,32.0,0.1,18.31
2020-09-09 00:02:00,192.0,32.0,0.39,19.27
2020-09-09 00:03:00,195.0,33.0,0.08,20.45
2020-09-09 00:04:00,225.0,32.0,1.68,19.57
2020-09-09 00:05:00,207.0,32.0,0.68,19.77
2020-09-09 00:06:00,216.0,34.0,0.05,20.96
2020-09-09 00:07:00,226.0,32.0,1.54,19.28
2020-09-09 00:08:00,201.0,32.0,0.35,19.8
2020-09-09 00:09:00,196.0,32.0,0.38,19.98
2020-09-09 00:10:00,215.0,34.0,1.69,20.88
2020-09-09 00:11:00,239.0,32.0,1.21,19.3
2020-09-09 00:12:00,251.0,33.0,0.72,21.36
2020-09-09 00:13:00,229.0,33.0,0.28,20.33
2020-09-09 00:14:00,212.0,33.0,0.21,20.76
2020-09-09 00:15:00,243.0,33.0,1.18,20.96
2020-09-09 00:16:00,224.0,33.0,0.3,20.25
2020-09-09 00:17:00,215.0,32.0,0.23,19.48
2020-09-09 00:18:00,207.0,32.0,0.24,19.85
2020-09-09 00:19:00,226.0,33.0,2.08,20.61
2020-09-09 00:20:00,210.0,33.0,0.46,20.76
2020-09-09 00:21:00,207.0,32.0,0.44,20.28
2020-09-09 00:22:00,226.0,33.0,1.68,20.77
2020-09-09 00:23:00,211.0,32.0,0.26,20.19
2020-09-09 00:24:00,234.0,35.0,1.26,20.64
2020-09-09 00:25:00,222.0,32.0,0.15,19.99
2020-09-09 00:26:00,209.0,32.0,0.04,19.51
2020-09-09 00:27:00,194.0,32.0,0.03,19.46
2020-09-09 00:28:00,189.0,33.0,0.35,20.29
2020-09-09 00:29:00,203.0,32.0,0.36,19.81
2020-09-09 00:30:00,219.0,33.0,0.66,20.16
2020-09-09 00:31:00,240.0,32.0,0.75,19.26
2020-09-09 00:32:00,212.0,32.0,0.07,19.69
2020-09-09 00:33:00,201.0,32.0,0.04,19.62
2020-09-09 00:34:00,206.0,33.0,2.84,20.52
2020-09-09 00:35:00,235.0,35.0,0.3,21.81
2020-09-09 00:36:00,215.0,33.0,0.26,20.73
2020-09-09 00:37:00,200.0,33.0,0.31,20.36
2020-09-09 00:38:00,227.0,35.0,1.19,21.81
2020-09-09 00:39:00,208.0,33.0,0.24,20.16
2020-09-09 00:40:00,200.0,33.0,0.14,20.49
2020-09-09 00:41:00,209.0,33.0,0.1,20.1
2020-09-09 00:42:00,188.0,34.0,0.04,20.93
2020-09-09 00:43:00,192.0,33.0,0.27,20.44
2020-09-09 00:44:00,220.0,32.0,1.67,19.49
2020-09-09 00:45:00,190.0,34.0,0.12,21.09
2020-09-09 00:46:00,208.0,33.0,1.24,20.54
2020-09-09 00:47:00,225.0,33.0,0.83,20.51
2020-09-09 00:48:00,210.0,32.0,0.47,19.28
2020-09-09 00:49:00,227.0,33.0,0.8,19.67
2020-09-09 00:50:00,213.0,32.0,0.57,18.76
2020-09-09 00:51:00,229.0,31.0,1.41,18.06
2020-09-09 00:52:00,210.0,32.0,0.27,19.56
2020-09-09 00:53:00,222.0,33.0,1.73,19.74
2020-09-09 00:54:00,235.0,32.0,2.01,18.64
2020-09-09 00:55:00,233.0,33.0,0.44,19.59
2020-09-09 00:56:00,226.0,34.0,0.11,20.01
2020-09-09 00:57:00,207.0,36.0,0.78,22.9
2020-09-09 00:58:00,192.0,32.0,0.53,19.74
2020-09-09 00:59:00,223.0,33.0,1.4,19.63
2020-09-09 01:00:00,238.0,34.0,2.51,20.62
2020-09-09 01:01:00,249.0,32.0,2.06,19.7
2020-09-09 01:02:00,218.0,35.0,0.13,21.16
2020-09-09 01:03:00,234.0,32.0,0.83,18.7
2020-09-09 01:04:00,228.0,34.0,0.1,20.26
2020-09-09 01:05:00,238.0,33.0,1.16,19.33
2020-09-09 01:06:00,250.0,34.0,0.63,20.14
2020-09-09 01:07:00,219.0,33.0,0.06,19.29
2020-09-09 01:08:00,237.0,32.0,1.22,18.88
2020-09-09 01:09:00,257.0,33.0,0.69,19.44
2020-09-09 01:10:00,267.0,32.0,1.31,19.9
2020-09-09 01:11:00,243.0,32.0,0.39,19.48
2020-09-09 01:12:00,223.0,31.0,0.14,18.82
2020-09-09 01:13:00,237.0,32.0,1.56,18.98
2020-09-09 01:14:00,220.0,31.0,0.77,18.78
2020-09-09 01:15:00,214.0,32.0,0.47,19.68
2020-09-09 01:16:00,207.0,32.0,0.61,19.39
2020-09-09 01:17:00,209.0,32.0,0.19,20.01
2020-09-09 01:18:00,240.0,33.0,3.31,20.71
2020-09-09 01:19:00,223.0,33.0,0.52,21.12
2020-09-09 01:20:00,207.0,32.0,0.39,20.35
2020-09-09 01:21:00,207.0,32.0,0.2,20.65
2020-09-09 01:22:00,235.0,34.0,3.31,20.79
2020-09-09 01:23:00,214.0,33.0,1.8,20.19
2020-09-09 01:24:00,226.0,33.0,0.97,20.12
2020-09-09 01:25:00,194.0,32.0,0.07,20.07
2020-09-09 01:26:00,191.0,32.0,0.15,19.43
2020-09-09 01:27:00,183.0,31.0,0.03,19.27
2020-09-09 01:28:00,195.0,32.0,0.46,19.52
2020-09-09 01:29:00,224.0,33.0,3.08,20.17
2020-09-09 01:30:00,222.0,33.0,0.5,20.06
2020-09-09 01:31:00,226.0,33.0,0.08,20.26
2020-09-09 01:32:00,242.0,34.0,0.56,20.38
2020-09-09 01:33:00,210.0,34.0,0.06,20.38
2020-09-09 01:34:00,230.0,32.0,0.09,19.05
2020-09-09 01:35:00,238.0,33.0,0.15,20.06
2020-09-09 01:36:00,230.0,31.0,0.34,18.59
2020-09-09 01:37:00,216.0,32.0,0.05,20.09
2020-09-09 01:38:00,206.0,33.0,0.24,20.56
2020-09-09 01:39:00,196.0,31.0,0.07,19.07
2020-09-09 01:40:00,184.0,32.0,0.04,19.36
2020-09-09 01:41:00,178.0,33.0,0.04,20.49
2020-09-09 01:42:00,173.0,32.0,0.07,20.31
2020-09-09 01:43:00,211.0,35.0,0.8,20.71
2020-09-09 01:44:00,202.0,34.0,0.23,21.12
2020-09-09 01:45:00,192.0,33.0,0.06,20.31
2020-09-09 01:46:00,192.0,33.0,0.21,20.04
2020-09-09 01:47:00,199.0,34.0,0.16,19.84
2020-09-09 01:48:00,216.0,32.0,1.43,19.8
2020-09-09 01:49:00,197.0,33.0,0.43,20.37
2020-09-09 01:50:00,210.0,32.0,0.54,19.64
2020-09-09 01:51:00,194.0,31.0,0.54,18.86
2020-09-09 01:52:00,190.0,32.0,0.29,19.96
2020-09-09 01:53:00,183.0,32.0,0.03,19.76
2020-09-09 01:54:00,187.0,33.0,0.11,20.04
2020-09-09 01:55:00,217.0,32.0,1.53,19.77
2020-09-09 01:56:00,195.0,33.0,0.88,20.29
2020-09-09 01:57:00,181.0,34.0,0.07,19.24
2020-09-09 01:58:00,184.0,32.0,0.71,19.57
2020-09-09 01:59:00,193.0,32.0,0.29,19.24
2020-09-09 02:00:00,198.0,33.0,0.63,19.43
2020-09-09 02:01:00,181.0,36.0,0.09,20.34
2020-09-09 02:02:00,216.0,34.0,3.66,19.61
2020-09-09 02:03:00,192.0,33.0,1.19,19.45
2020-09-09 02:04:00,226.0,35.0,0.82,20.13
2020-09-09 02:05:00,212.0,35.0,0.38,20.77
2020-09-09 02:06:00,203.0,34.0,0.36,19.82
2020-09-09 02:07:00,213.0,35.0,0.64,20.26
2020-09-09 02:08:00,198.0,33.0,0.58,18.07
2020-09-09 02:09:00,220.0,32.0,0.89,18.74
2020-09-09 02:10:00,219.0,35.0,0.03,19.66
2020-09-09 02:11:00,210.0,33.0,0.4,19.38
2020-09-09 02:12:00,202.0,34.0,0.46,18.91
2020-09-09 02:13:00,222.0,31.0,3.68,19.12
2020-09-09 02:14:00,233.0,32.0,2.79,19.51
2020-09-09 02:15:00,208.0,32.0,0.38,18.99
2020-09-09 02:16:00,223.0,33.0,1.79,18.58
2020-09-09 02:17:00,235.0,34.0,3.54,19.78
2020-09-09 02:18:00,189.0,34.0,0.04,18.69
2020-09-09 02:19:00,212.0,32.0,3.07,19.04
2020-09-09 02:20:00,197.0,32.0,0.54,18.96
2020-09-09 02:21:00,189.0,33.0,0.69,18.92
2020-09-09 02:22:00,203.0,33.0,0.61,20.83
2020-09-09 02:23:00,198.0,34.0,0.86,21.26
2020-09-09 02:24:00,218.0,34.0,2.87,20.21
2020-09-09 02:25:00,209.0,33.0,1.08,19.96
2020-09-09 02:26:00,220.0,32.0,2.24,19.91
2020-09-09 02:27:00,204.0,33.0,0.64,20.61
2020-09-09 02:28:00,221.0,34.0,1.28,20.23
2020-09-09 02:29:00,233.0,33.0,3.19,19.57
2020-09-09 02:30:00,245.0,34.0,7.93,19.02
2020-09-09 02:31:00,255.0,36.0,1.49,19.98
2020-09-09 02:32:00,225.0,33.0,0.09,19.21
2020-09-09 02:33:00,218.0,33.0,0.05,20.33
2020-09-09 02:34:00,204.0,33.0,0.3,19.72
2020-09-09 02:35:00,222.0,32.0,5.81,18.86
2020-09-09 02:36:00,203.0,33.0,2.01,19.41
2020-09-09 02:37:00,222.0,32.0,2.09,20.72
2020-09-09 02:38:00,234.0,32.0,1.1,19.76
2020-09-09 02:39:00,215.0,33.0,1.02,20.54
2020-09-09 02:40:00,234.0,35.0,5.8,20.79
2020-09-09 02:41:00,214.0,33.0,1.27,19.89
2020-09-09 02:42:00,229.0,34.0,3.32,21.66
2020-09-09 02:43:00,242.0,33.0,2.36,20.19
2020-09-09 02:44:00,218.0,33.0,0.87,20.44
2020-09-09 02:45:00,202.0,33.0,1.21,20.11
2020-09-09 02:46:00,219.0,33.0,4.43,20.25
2020-09-09 02:47:00,238.0,34.0,0.28,20.06
2020-09-09 02:48:00,214.0,34.0,1.11,22.27
2020-09-09 02:49:00,224.0,33.0,8.2,21.01
2020-09-09 02:50:00,201.0,34.0,1.51,21.48
2020-09-09 02:51:00,212.0,33.0,0.82,20.13
2020-09-09 02:52:00,191.0,34.0,0.42,21.13
2020-09-09 02:53:00,206.0,36.0,6.07,19.51
2020-09-09 02:54:00,217.0,33.0,8.82,18.94
2020-09-09 02:55:00,199.0,33.0,0.62,20.06
2020-09-09 02:56:00,213.0,33.0,0.75,19.54
2020-09-09 02:57:00,195.0,34.0,0.16,21.0
2020-09-09 02:58:00,216.0,34.0,9.2,20.49
2020-09-09 02:59:00,231.0,34.0,6.99,19.26
2020-09-09 03:00:00,241.0,35.0,1.43,19.49
2020-09-09 03:01:00,220.0,36.0,0.05,18.77
2020-09-09 03:02:00,261.0,34.0,0.41,19.84
2020-09-09 03:03:00,206.0,34.0,0.25,20.17
2020-09-09 03:04:00,227.0,33.0,0.14,19.47
2020-09-09 03:05:00,245.0,34.0,0.33,20.54
2020-09-09 03:06:00,255.0,33.0,0.19,19.77
2020-09-09 03:07:00,242.0,34.0,0.11,18.56
2020-09-09 03:08:00,221.0,33.0,0.06,20.19
2020-09-09 03:09:00,249.0,34.0,0.04,19.52
2020-09-09 03:10:00,259.0,34.0,0.54,18.43
2020-09-09 03:11:00,231.0,32.0,0.03,17.26
2020-09-09 03:12:00,209.0,33.0,0.03,19.36
2020-09-09 03:13:00,207.0,32.0,0.03,18.56
2020-09-09 03:14:00,213.0,34.0,0.03,19.29
2020-09-09 03:15:00,200.0,33.0,0.05,20.29
2020-09-09 03:16:00,192.0,32.0,0.01,19.54
2020-09-09 03:17:00,206.0,34.0,0.03,20.63
2020-09-09 03:18:00,189.0,34.0,0.01,21.11
2020-09-09 03:19:00,258.0,35.0,0.01,20.05
2020-09-09 03:20:00,200.0,35.0,0.08,20.32
2020-09-09 03:21:00,173.0,33.0,0.04,21.58
2020-09-09 03:22:00,204.0,33.0,0.04,20.61
2020-09-09 03:23:00,221.0,33.0,0.14,21.31
2020-09-09 03:24:00,187.0,34.0,0.04,21.06
2020-09-09 03:25:00,212.0,33.0,0.02,20.75
2020-09-09 03:26:00,229.0,36.0,0.07,21.3
2020-09-09 03:27:00,185.0,33.0,0.1,20.77
2020-09-09 03:28:00,204.0,33.0,0.04,19.63
2020-09-09 03:29:00,235.0,35.0,0.02,20.56
2020-09-09 03:30:00,211.0,35.0,0.07,18.93
2020-09-09 03:31:00,224.0,35.0,0.04,19.39
2020-09-09 03:32:00,199.0,33.0,0.18,19.13
2020-09-09 03:33:00,194.0,33.0,0.15,19.61
2020-09-09 03:34:00,218.0,34.0,0.03,20.32
2020-09-09 03:35:00,195.0,34.0,0.06,19.66
2020-09-09 03:36:00,181.0,34.0,0.02,20.32
2020-09-09 03:37:00,184.0,35.0,0.05,20.98
2020-09-09 03:38:00,218.0,36.0,0.03,20.27
2020-09-09 03:39:00,182.0,34.0,0.05,20.79
2020-09-09 03:40:00,208.0,34.0,0.27,19.24
2020-09-09 03:41:00,209.0,32.0,0.07,19.86
2020-09-09 03:42:00,195.0,33.0,0.03,19.27
2020-09-09 03:43:00,214.0,34.0,0.04,20.82
2020-09-09 03:44:00,193.0,32.0,0.17,18.39
2020-09-09 03:45:00,216.0,32.0,0.04,19.29
2020-09-09 03:46:00,236.0,32.0,0.19,18.98
2020-09-09 03:47:00,214.0,32.0,0.04,21.1
2020-09-09 03:48:00,181.0,33.0,0.01,20.86
2020-09-09 03:49:00,213.0,31.0,0.01,20.17
2020-09-09 03:50:00,202.0,34.0,0.14,21.61
2020-09-09 03:51:00,193.0,33.0,0.06,20.86
2020-09-09 03:52:00,209.0,33.0,0.04,21.16
2020-09-09 03:53:00,223.0,31.0,0.09,19.89
2020-09-09 03:54:00,186.0,33.0,0.13,20.78
2020-09-09 03:55:00,209.0,32.0,0.03,19.04
2020-09-09 03:56:00,218.0,32.0,0.14,19.25
2020-09-09 03:57:00,229.0,33.0,0.02,20.85
2020-09-09 03:58:00,237.0,33.0,0.13,20.4
2020-09-09 03:59:00,247.0,32.0,0.07,19.39
2020-09-09 04:00:00,224.0,33.0,0.12,20.46
2020-09-09 04:01:00,207.0,34.0,0.04,19.66
2020-09-09 04:02:00,205.0,33.0,0.04,20.14
2020-09-09 04:03:00,194.0,33.0,0.03,19.38
2020-09-09 04:04:00,231.0,33.0,0.03,19.46
2020-09-09 04:05:00,209.0,33.0,0.06,20.69
2020-09-09 04:06:00,199.0,34.0,0.02,20.44
2020-09-09 04:07:00,217.0,34.0,0.03,20.45
2020-09-09 04:08:00,229.0,33.0,0.04,19.39
2020-09-09 04:09:00,212.0,33.0,0.06,19.85
2020-09-09 04:10:00,231.0,33.0,0.03,19.29
2020-09-09 04:11:00,198.0,32.0,0.08,20.18
2020-09-09 04:12:00,222.0,34.0,0.04,21.05
2020-09-09 04:13:00,232.0,34.0,0.09,20.09
2020-09-09 04:14:00,247.0,34.0,0.07,20.04
2020-09-09 04:15:00,201.0,34.0,0.09,20.33
2020-09-09 04:16:00,215.0,33.0,0.01,19.31
2020-09-09 04:17:00,199.0,34.0,0.06,19.98
2020-09-09 04:18:00,216.0,34.0,0.03,21.08
2020-09-09 04:19:00,260.0,34.0,0.24,21.06
2020-09-09 04:20:00,238.0,35.0,0.16,20.84
2020-09-09 04:21:00,249.0,32.0,0.07,19.23
2020-09-09 04:22:00,236.0,34.0,0.17,20.22
2020-09-09 04:23:00,224.0,33.0,0.08,19.65
2020-09-09 04:24:00,220.0,33.0,0.07,20.14
2020-09-09 04:25:00,242.0,33.0,0.02,20.73
2020-09-09 04:26:00,206.0,34.0,0.03,20.91
2020-09-09 04:27:00,201.0,31.0,0.04,19.01
2020-09-09 04:28:00,211.0,32.0,0.04,19.41
2020-09-09 04:29:00,216.0,34.0,0.03,21.71
2020-09-09 04:30:00,188.0,33.0,0.03,20.99
2020-09-09 04:31:00,234.0,34.0,0.05,21.25
2020-09-09 04:32:00,188.0,33.0,0.05,21.88
2020-09-09 04:33:00,196.0,33.0,0.03,21.01
2020-09-09 04:34:00,200.0,32.0,0.01,20.18
2020-09-09 04:35:00,232.0,32.0,0.04,20.9
2020-09-09 04:36:00,241.0,33.0,0.17,19.89
2020-09-09 04:37:00,250.0,31.0,0.06,18.72
2020-09-09 04:38:00,231.0,31.0,0.04,19.8
2020-09-09 04:39:00,198.0,34.0,0.03,22.77
2020-09-09 04:40:00,222.0,34.0,0.02,20.34
2020-09-09 04:41:00,210.0,34.0,0.03,20.88
2020-09-09 04:42:00,193.0,31.0,0.03,20.45
2020-09-09 04:43:00,212.0,33.0,0.03,19.92
2020-09-09 04:44:00,229.0,32.0,0.02,20.11
2020-09-09 04:45:00,203.0,33.0,0.07,21.44
2020-09-09 04:46:00,191.0,34.0,0.04,21.36
2020-09-09 04:47:00,204.0,36.0,0.16,22.23
2020-09-09 04:48:00,189.0,34.0,0.07,20.39
2020-09-09 04:49:00,190.0,33.0,0.03,19.99
2020-09-09 04:50:00,192.0,35.0,0.04,20.98
2020-09-09 04:51:00,172.0,33.0,0.04,20.91
2020-09-09 04:52:00,196.0,34.0,0.04,20.66
2020-09-09 04:53:00,205.0,32.0,0.14,19.15
2020-09-09 04:54:00,219.0,33.0,0.05,20.01
2020-09-09 04:55:00,182.0,34.0,0.13,20.89
2020-09-09 04:56:00,173.0,33.0,0.06,20.93
2020-09-09 04:57:00,185.0,33.0,0.07,21.07
2020-09-09 04:58:00,194.0,32.0,0.17,19.56
2020-09-09 04:59:00,195.0,33.0,0.07,21.46
2020-09-09 05:00:00,224.0,33.0,0.04,21.01
2020-09-09 05:01:00,189.0,36.0,0.04,22.84
2020-09-09 05:02:00,176.0,35.0,0.02,22.06
2020-09-09 05:03:00,185.0,33.0,0.21,21.74
2020-09-09 05:04:00,180.0,34.0,0.03,22.16
2020-09-09 05:05:00,182.0,33.0,0.04,20.89
2020-09-09 05:06:00,202.0,34.0,0.04,21.54
2020-09-09 05:07:00,181.0,32.0,0.01,20.08
2020-09-09 05:08:00,214.0,32.0,0.1,20.19
2020-09-09 05:09:00,185.0,34.0,0.03,19.93
2020-09-09 05:10:00,227.0,34.0,0.02,19.93
2020-09-09 05:11:00,191.0,34.0,0.04,21.08
2020-09-09 05:12:00,189.0,34.0,0.07,20.91
2020-09-09 05:13:00,177.0,34.0,0.01,20.31
2020-09-09 05:14:00,205.0,35.0,0.05,21.51
2020-09-09 05:15:00,186.0,33.0,0.03,20.49
2020-09-09 05:16:00,160.0,35.0,0.02,21.24
2020-09-09 05:17:00,185.0,34.0,0.11,20.14
2020-09-09 05:18:00,219.0,35.0,0.12,22.44
2020-09-09 05:19:00,185.0,32.0,0.02,19.98
2020-09-09 05:20:00,191.0,35.0,0.08,21.89
2020-09-09 05:21:00,198.0,32.0,0.06,21.28
2020-09-09 05:22:00,162.0,33.0,0.02,21.64
2020-09-09 05:23:00,185.0,35.0,0.04,22.02
2020-09-09 05:24:00,199.0,33.0,0.07,20.94
2020-09-09 05:25:00,213.0,35.0,0.06,22.94
2020-09-09 05:26:00,245.0,34.0,0.06,22.2
2020-09-09 05:27:00,189.0,34.0,0.05,21.64
2020-09-09 05:28:00,200.0,33.0,0.07,20.82
2020-09-09 05:29:00,209.0,33.0,0.03,20.78
2020-09-09 05:30:00,169.0,33.0,0.02,19.92
2020-09-09 05:31:00,181.0,35.0,0.14,19.44
2020-09-09 05:32:00,190.0,33.0,0.17,20.48
2020-09-09 05:33:00,200.0,33.0,0.21,20.26
2020-09-09 05:34:00,173.0,35.0,0.02,20.21
2020-09-09 05:35:00,189.0,35.0,0.07,20.14
2020-09-09 05:36:00,231.0,34.0,0.24,19.26
2020-09-09 05:37:00,173.0,33.0,0.04,19.81
2020-09-09 05:38:00,187.0,34.0,0.2,20.57
2020-09-09 05:39:00,171.0,35.0,0.05,20.04
2020-09-09 05:40:00,182.0,35.0,0.19,21.18
2020-09-09 05:41:00,223.0,34.0,0.16,19.72
2020-09-09 05:42:00,175.0,35.0,0.04,19.84
2020-09-09 05:43:00,182.0,36.0,0.09,20.77
2020-09-09 05:44:00,203.0,35.0,0.04,20.49
2020-09-09 05:45:00,186.0,34.0,0.01,19.68
2020-09-09 05:46:00,228.0,35.0,0.17,21.85
2020-09-09 05:47:00,207.0,36.0,0.06,21.36
2020-09-09 05:48:00,176.0,34.0,0.02,20.32
2020-09-09 05:49:00,182.0,35.0,0.03,21.89
2020-09-09 05:50:00,221.0,36.0,0.07,20.59
2020-09-09 05:51:00,195.0,34.0,0.02,20.36
2020-09-09 05:52:00,180.0,36.0,0.04,21.19
2020-09-09 05:53:00,223.0,37.0,0.16,23.83
2020-09-09 05:54:00,184.0,35.0,0.02,22.83
2020-09-09 05:55:00,184.0,33.0,0.03,21.09
2020-09-09 05:56:00,230.0,36.0,0.07,23.23
2020-09-09 05:57:00,217.0,35.0,0.06,22.48
2020-09-09 05:58:00,239.0,36.0,0.19,21.32
2020-09-09 05:59:00,208.0,38.0,0.04,21.48
2020-09-09 06:00:00,203.0,37.0,0.07,22.68
2020-09-09 06:01:00,215.0,37.0,0.1,23.33
2020-09-09 06:02:00,201.0,34.0,0.02,22.66
2020-09-09 06:03:00,248.0,32.0,0.06,21.23
2020-09-09 06:04:00,192.0,36.0,0.02,22.07
2020-09-09 06:05:00,207.0,37.0,0.05,21.02
2020-09-09 06:06:00,226.0,36.0,0.19,23.43
2020-09-09 06:07:00,202.0,36.0,0.05,22.89
2020-09-09 06:08:00,220.0,39.0,0.03,24.91
2020-09-09 06:09:00,202.0,36.0,0.04,23.43
2020-09-09 06:10:00,246.0,36.0,0.07,24.83
2020-09-09 06:11:00,208.0,37.0,0.02,25.18
2020-09-09 06:12:00,219.0,39.0,0.03,25.43
2020-09-09 06:13:00,227.0,36.0,0.07,23.83
2020-09-09 06:14:00,206.0,38.0,0.05,21.24
2020-09-09 06:15:00,222.0,36.0,0.06,21.94
2020-09-09 06:16:00,219.0,35.0,0.04,22.3
2020-09-09 06:17:00,231.0,34.0,0.07,22.12
2020-09-09 06:18:00,215.0,37.0,0.03,23.47
2020-09-09 06:19:00,215.0,35.0,0.02,22.86
2020-09-09 06:20:00,213.0,38.0,0.04,26.17
2020-09-09 06:21:00,215.0,37.0,0.04,25.51
2020-09-09 06:22:00,201.0,37.0,0.07,27.39
2020-09-09 06:23:00,209.0,36.0,0.03,26.14
2020-09-09 06:24:00,219.0,36.0,0.09,26.77
2020-09-09 06:25:00,230.0,35.0,0.11,26.36
2020-09-09 06:26:00,264.0,39.0,0.09,24.41
2020-09-09 06:27:00,234.0,37.0,0.05,22.42
2020-09-09 06:28:00,224.0,33.0,0.02,23.62
2020-09-09 06:29:00,264.0,35.0,0.02,23.3
2020-09-09 06:30:00,245.0,33.0,0.03,24.52
2020-09-09 06:31:00,239.0,36.0,0.04,26.86
2020-09-09 06:32:00,252.0,36.0,0.03,28.31
2020-09-09 06:33:00,221.0,36.0,0.04,32.5
2020-09-09 06:34:00,231.0,37.0,0.06,27.83
2020-09-09 06:35:00,254.0,36.0,0.11,27.44
2020-09-09 06:36:00,263.0,38.0,0.09,26.97
2020-09-09 06:37:00,240.0,36.0,0.08,26.89
2020-09-09 06:38:00,267.0,35.0,0.06,27.75
2020-09-09 06:39:00,251.0,36.0,0.09,28.39
2020-09-09 06:40:00,231.0,39.0,0.02,33.25
2020-09-09 06:41:00,245.0,37.0,0.12,31.19
2020-09-09 06:42:00,254.0,37.0,0.11,30.99
2020-09-09 06:43:00,231.0,37.0,0.03,30.85
2020-09-09 06:44:00,241.0,40.0,0.23,33.78
2020-09-09 06:45:00,224.0,39.0,0.03,32.0
2020-09-09 06:46:00,238.0,38.0,0.04,28.84
2020-09-09 06:47:00,239.0,36.0,0.04,28.76
2020-09-09 06:48:00,263.0,37.0,0.09,28.64
2020-09-09 06:49:00,239.0,37.0,0.02,30.47
2020-09-09 06:50:00,262.0,39.0,0.07,34.78
2020-09-09 06:51:00,268.0,33.0,0.07,34.23
2020-09-09 06:52:00,220.0,35.0,0.03,32.46
2020-09-09 06:53:00,250.0,38.0,0.19,35.84
2020-09-09 06:54:00,220.0,40.0,0.07,31.83
2020-09-09 06:55:00,253.0,40.0,0.04,32.38
2020-09-09 06:56:00,269.0,38.0,0.07,31.24
2020-09-09 06:57:00,259.0,39.0,0.03,28.7
2020-09-09 06:58:00,256.0,37.0,0.03,27.9
2020-09-09 06:59:00,263.0,40.0,0.03,29.76
2020-09-09 07:00:00,253.0,37.0,0.03,29.02
2020-09-09 07:01:00,271.0,37.0,0.03,34.28
2020-09-09 07:02:00,274.0,37.0,0.04,41.82
2020-09-09 07:03:00,251.0,40.0,0.01,38.42
2020-09-09 07:04:00,257.0,37.0,0.01,36.48
2020-09-09 07:05:00,265.0,40.0,0.08,35.24
2020-09-09 07:06:00,271.0,39.0,0.07,40.34
2020-09-09 07:07:00,249.0,40.0,0.04,37.51
2020-09-09 07:08:00,268.0,41.0,0.14,33.73
2020-09-09 07:09:00,259.0,42.0,0.06,46.82
2020-09-09 07:10:00,272.0,38.0,0.03,34.33
2020-09-09 07:11:00,274.0,37.0,0.05,35.45
2020-09-09 07:12:00,273.0,40.0,0.03,40.22
2020-09-09 07:13:00,268.0,38.0,0.01,40.11
2020-09-09 07:14:00,261.0,43.0,0.01,40.38
2020-09-09 07:15:00,262.0,42.0,0.01,37.27
2020-09-09 07:16:00,281.0,44.0,0.02,44.81
2020-09-09 07:17:00,268.0,39.0,0.03,36.78
2020-09-09 07:18:00,263.0,42.0,0.04,37.12
2020-09-09 07:19:00,261.0,37.0,0.01,34.67
2020-09-09 07:20:00,275.0,45.0,0.05,44.83
2020-09-09 07:21:00,270.0,40.0,0.04,39.56
2020-09-09 07:22:00,268.0,43.0,0.03,43.27
2020-09-09 07:23:00,271.0,40.0,0.04,38.5
2020-09-09 07:24:00,258.0,47.0,0.01,39.96
2020-09-09 07:25:00,265.0,40.0,0.02,39.04
2020-09-09 07:26:00,271.0,38.0,0.01,35.95
2020-09-09 07:27:00,274.0,41.0,0.04,35.62
2020-09-09 07:28:00,271.0,41.0,0.02,34.47
2020-09-09 07:29:00,264.0,39.0,0.01,34.85
2020-09-09 07:30:00,261.0,42.0,0.04,37.31
2020-09-09 07:31:00,278.0,45.0,0.04,42.05
2020-09-09 07:32:00,263.0,42.0,0.03,35.69
2020-09-09 07:33:00,266.0,42.0,0.01,36.53
2020-09-09 07:34:00,263.0,40.0,0.03,32.62
2020-09-09 07:35:00,275.0,38.0,0.03,34.34
2020-09-09 07:36:00,262.0,39.0,0.03,33.44
2020-09-09 07:37:00,260.0,39.0,0.03,37.31
2020-09-09 07:38:00,269.0,40.0,0.03,36.29
2020-09-09 07:39:00,272.0,45.0,0.01,43.48
2020-09-09 07:40:00,259.0,37.0,0.04,34.98
2020-09-09 07:41:00,262.0,40.0,0.03,39.54
2020-09-09 07:42:00,268.0,46.0,0.07,45.5
2020-09-09 07:43:00,266.0,43.0,0.03,39.73
2020-09-09 07:44:00,266.0,41.0,0.03,42.52
2020-09-09 07:45:00,265.0,47.0,0.01,51.27
2020-09-09 07:46:00,268.0,42.0,0.01,35.73
2020-09-09 07:47:00,268.0,42.0,0.06,34.17
2020-09-09 07:48:00,271.0,41.0,0.04,33.86
2020-09-09 07:49:00,262.0,40.0,0.03,36.03
2020-09-09 07:50:00,265.0,43.0,0.07,38.91
2020-09-09 07:51:00,268.0,41.0,0.04,43.23
2020-09-09 07:52:00,271.0,48.0,0.03,44.39
2020-09-09 07:53:00,263.0,42.0,0.01,36.41
2020-09-09 07:54:00,266.0,40.0,0.04,34.78
2020-09-09 07:55:00,266.0,41.0,0.05,36.31
2020-09-09 07:56:00,264.0,40.0,0.04,38.41
2020-09-09 07:57:00,261.0,39.0,0.04,37.63
2020-09-09 07:58:00,253.0,38.0,0.04,39.31
2020-09-09 07:59:00,262.0,43.0,0.05,43.62
2020-09-09 08:00:00,258.0,41.0,0.01,40.41
2020-09-09 08:01:00,264.0,45.0,0.05,44.52
2020-09-09 08:02:00,265.0,43.0,0.05,41.7
2020-09-09 08:03:00,260.0,44.0,0.07,43.96
2020-09-09 08:04:00,264.0,45.0,0.04,40.04
2020-09-09 08:05:00,272.0,44.0,0.06,42.84
2020-09-09 08:06:00,269.0,48.0,0.02,42.76
2020-09-09 08:07:00,266.0,42.0,0.01,36.31
2020-09-09 08:08:00,272.0,49.0,0.01,40.91
2020-09-09 08:09:00,278.0,41.0,0.01,34.02
2020-09-09 08:10:00,298.0,40.0,0.03,31.81
2020-09-09 08:11:00,269.0,41.0,0.02,33.36
2020-09-09 08:12:00,270.0,39.0,0.04,38.34
2020-09-09 08:13:00,261.0,40.0,0.01,39.65
2020-09-09 08:14:00,264.0,43.0,0.04,41.08
2020-09-09 08:15:00,265.0,42.0,0.02,41.05
2020-09-09 08:16:00,253.0,46.0,0.02,44.17
2020-09-09 08:17:00,263.0,47.0,0.03,49.39
2020-09-09 08:18:00,265.0,41.0,0.02,42.71
2020-09-09 08:19:00,264.0,39.0,0.01,34.74
2020-09-09 08:20:00,268.0,42.0,0.05,37.28
2020-09-09 08:21:00,266.0,40.0,0.06,38.89
2020-09-09 08:22:00,258.0,42.0,0.03,36.92
2020-09-09 08:23:00,261.0,38.0,0.03,31.86
2020-09-09 08:24:00,263.0,41.0,0.01,34.54
2020-09-09 08:25:00,259.0,40.0,0.01,33.86
2020-09-09 08:26:00,264.0,41.0,0.06,36.33
2020-09-09 08:27:00,270.0,40.0,0.02,34.12
2020-09-09 08:28:00,264.0,36.0,0.01,29.49
2020-09-09 08:29:00,266.0,39.0,0.01,33.21
2020-09-09 08:30:00,266.0,45.0,0.03,38.62
2020-09-09 08:31:00,258.0,44.0,0.07,38.69
2020-09-09 08:32:00,264.0,42.0,0.05,38.11
2020-09-09 08:33:00,268.0,46.0,0.01,42.99
2020-09-09 08:34:00,261.0,43.0,0.02,39.74
2020-09-09 08:35:00,256.0,43.0,0.03,37.41
2020-09-09 08:36:00,267.0,47.0,0.05,45.65
2020-09-09 08:37:00,258.0,40.0,0.02,33.54
2020-09-09 08:38:00,268.0,41.0,0.01,39.67
2020-09-09 08:39:00,268.0,44.0,0.01,43.07
2020-09-09 08:40:00,267.0,38.0,0.01,38.03
2020-09-09 08:41:00,270.0,43.0,0.01,36.09
2020-09-09 08:42:00,249.0,42.0,0.01,33.56
2020-09-09 08:43:00,268.0,45.0,0.04,33.79
2020-09-09 08:44:00,243.0,42.0,0.06,35.54
2020-09-09 08:45:00,253.0,41.0,0.09,36.19
2020-09-09 08:46:00,243.0,45.0,0.04,36.03
2020-09-09 08:47:00,259.0,44.0,0.06,33.61
2020-09-09 08:48:00,242.0,43.0,0.04,37.74
2020-09-09 08:49:00,270.0,41.0,0.17,34.77
2020-09-09 08:50:00,272.0,44.0,0.06,37.02
2020-09-09 08:51:00,261.0,42.0,0.04,33.16
2020-09-09 08:52:00,272.0,43.0,0.05,34.0
2020-09-09 08:53:00,262.0,45.0,0.03,33.83
2020-09-09 08:54:00,255.0,44.0,0.01,35.64
2020-09-09 08:55:00,267.0,42.0,0.05,35.56
2020-09-09 08:56:00,264.0,42.0,0.04,34.42
2020-09-09 08:57:00,256.0,43.0,0.06,36.48
2020-09-09 08:58:00,266.0,42.0,0.06,32.52
2020-09-09 08:59:00,268.0,44.0,0.04,38.95
2020-09-09 09:00:00,260.0,36.0,0.01,34.77
2020-09-09 09:01:00,265.0,38.0,0.04,34.49
2020-09-09 09:02:00,273.0,41.0,0.07,31.56
2020-09-09 09:03:00,271.0,43.0,0.05,31.5
2020-09-09 09:04:00,278.0,48.0,0.04,37.86
2020-09-09 09:05:00,257.0,44.0,0.03,36.84
2020-09-09 09:06:00,268.0,43.0,0.04,39.08
2020-09-09 09:07:00,263.0,44.0,0.04,38.59
2020-09-09 09:08:00,270.0,44.0,0.04,34.39
2020-09-09 09:09:00,253.0,40.0,0.05,36.71
2020-09-09 09:10:00,268.0,42.0,0.02,37.94
2020-09-09 09:11:00,267.0,40.0,0.02,33.76
2020-09-09 09:12:00,267.0,41.0,0.02,32.11
2020-09-09 09:13:00,275.0,42.0,0.01,32.12
2020-09-09 09:14:00,270.0,45.0,0.02,33.14
2020-09-09 09:15:00,272.0,43.0,0.06,33.7
2020-09-09 09:16:00,270.0,44.0,0.01,34.49
2020-09-09 09:17:00,264.0,43.0,0.01,37.11
2020-09-09 09:18:00,258.0,40.0,0.02,36.48
2020-09-09 09:19:00,245.0,43.0,0.02,37.39
2020-09-09 09:20:00,273.0,43.0,0.25,38.05
2020-09-09 09:21:00,267.0,40.0,0.08,31.59
2020-09-09 09:22:00,270.0,41.0,0.04,32.31
2020-09-09 09:23:00,266.0,39.0,0.01,28.93
2020-09-09 09:24:00,271.0,39.0,0.01,30.31
2020-09-09 09:25:00,273.0,38.0,0.03,28.54
2020-09-09 09:26:00,271.0,48.0,0.06,31.51
2020-09-09 09:27:00,273.0,46.0,0.06,31.16
2020-09-09 09:28:00,261.0,44.0,0.01,38.38
2020-09-09 09:29:00,262.0,38.0,0.01,39.9
2020-09-09 09:30:00,270.0,39.0,0.01,37.84
2020-09-09 09:31:00,267.0,39.0,0.03,32.78
2020-09-09 09:32:00,271.0,40.0,0.01,34.95
2020-09-09 09:33:00,263.0,39.0,0.0,32.5
2020-09-09 09:34:00,265.0,41.0,0.02,32.59
2020-09-09 09:35:00,255.0,42.0,0.02,33.28
2020-09-09 09:36:00,259.0,43.0,0.03,32.69
2020-09-09 09:37:00,282.0,49.0,0.08,40.01
2020-09-09 09:38:00,258.0,49.0,0.04,43.42
2020-09-09 09:39:00,260.0,45.0,0.02,43.34
2020-09-09 09:40:00,258.0,40.0,0.01,37.45
2020-09-09 09:41:00,217.0,39.0,0.01,35.96
2020-09-09 09:42:00,259.0,40.0,0.06,35.35
2020-09-09 09:43:00,275.0,46.0,0.02,40.13
2020-09-09 09:44:00,238.0,37.0,0.04,35.33
2020-09-09 09:45:00,259.0,47.0,0.21,36.54
2020-09-09 09:46:00,266.0,44.0,0.04,36.69
2020-09-09 09:47:00,264.0,43.0,0.03,39.61
2020-09-09 09:48:00,249.0,41.0,0.01,35.79
2020-09-09 09:49:00,254.0,40.0,0.03,35.85
2020-09-09 09:50:00,262.0,43.0,0.04,47.73
2020-09-09 09:51:00,251.0,39.0,0.02,34.24
2020-09-09 09:52:00,265.0,41.0,0.0,37.75
2020-09-09 09:53:00,260.0,45.0,0.02,38.37
2020-09-09 09:54:00,254.0,39.0,0.06,34.2
2020-09-09 09:55:00,263.0,43.0,0.02,38.46
2020-09-09 09:56:00,267.0,42.0,0.02,36.89
2020-09-09 09:57:00,262.0,42.0,0.03,37.44
2020-09-09 09:58:00,275.0,48.0,0.03,38.39
2020-09-09 09:59:00,264.0,43.0,0.03,40.56
2020-09-09 10:00:00,268.0,44.0,0.02,36.93
2020-09-09 10:01:00,270.0,41.0,0.02,33.66
2020-09-09 10:02:00,276.0,45.0,0.01,33.26
2020-09-09 10:03:00,273.0,44.0,0.04,33.38
2020-09-09 10:04:00,267.0,41.0,0.02,33.04
2020-09-09 10:05:00,283.0,46.0,0.03,39.39
2020-09-09 10:06:00,271.0,45.0,0.01,34.78
2020-09-09 10:07:00,270.0,49.0,0.03,38.16
2020-09-09 10:08:00,266.0,44.0,0.01,36.09
2020-09-09 10:09:00,268.0,42.0,0.01,33.83
2020-09-09 10:10:00,266.0,45.0,0.02,38.58
2020-09-09 10:11:00,269.0,43.0,0.06,36.35
2020-09-09 10:12:00,277.0,49.0,0.04,40.31
2020-09-09 10:13:00,268.0,40.0,0.03,35.66
2020-09-09 10:14:00,272.0,41.0,0.02,38.26
2020-09-09 10:15:00,253.0,40.0,0.04,32.91
2020-09-09 10:16:00,225.0,39.0,0.01,32.09
2020-09-09 10:17:00,267.0,39.0,0.13,32.95
2020-09-09 10:18:00,252.0,41.0,0.02,34.94
2020-09-09 10:19:00,244.0,41.0,0.04,34.74
2020-09-09 10:20:00,262.0,43.0,0.02,38.04
2020-09-09 10:21:00,274.0,43.0,0.02,32.12
2020-09-09 10:22:00,273.0,40.0,0.02,32.13
2020-09-09 10:23:00,269.0,42.0,0.06,33.85
2020-09-09 10:24:00,263.0,40.0,0.01,32.19
2020-09-09 10:25:00,272.0,38.0,0.01,32.52
2020-09-09 10:26:00,264.0,39.0,0.01,31.02
2020-09-09 10:27:00,269.0,38.0,0.02,28.67
2020-09-09 10:28:00,258.0,38.0,0.02,32.53
2020-09-09 10:29:00,255.0,41.0,0.01,38.18
2020-09-09 10:30:00,268.0,40.0,0.03,35.77
2020-09-09 10:31:00,253.0,36.0,0.06,33.75
2020-09-09 10:32:00,264.0,42.0,0.05,36.08
2020-09-09 10:33:00,244.0,40.0,0.03,33.44
2020-09-09 10:34:00,275.0,43.0,0.04,33.73
2020-09-09 10:35:00,257.0,40.0,0.01,32.83
2020-09-09 10:36:00,256.0,37.0,0.01,28.72
2020-09-09 10:37:00,249.0,39.0,0.03,33.56
2020-09-09 10:38:00,274.0,41.0,0.02,35.54
2020-09-09 10:39:00,244.0,41.0,0.01,35.21
2020-09-09 10:40:00,266.0,39.0,0.03,32.91
2020-09-09 10:41:00,242.0,42.0,0.04,38.01
2020-09-09 10:42:00,271.0,39.0,0.04,34.72
2020-09-09 10:43:00,276.0,40.0,0.01,32.08
2020-09-09 10:44:00,273.0,40.0,0.03,33.28
2020-09-09 10:45:00,256.0,37.0,0.01,30.36
2020-09-09 10:46:00,278.0,39.0,0.03,28.26
2020-09-09 10:47:00,249.0,37.0,0.03,29.39
2020-09-09 10:48:00,268.0,38.0,0.01,29.87
2020-09-09 10:49:00,263.0,40.0,0.03,29.57
2020-09-09 10:50:00,264.0,42.0,0.08,37.04
2020-09-09 10:51:00,251.0,40.0,0.07,35.02
2020-09-09 10:52:00,268.0,37.0,0.03,32.18
2020-09-09 10:53:00,234.0,37.0,0.02,33.17
2020-09-09 10:54:00,229.0,38.0,0.03,33.48
2020-09-09 10:55:00,264.0,39.0,0.26,34.33
2020-09-09 10:56:00,261.0,37.0,0.01,28.67
2020-09-09 10:57:00,242.0,37.0,0.02,27.31
2020-09-09 10:58:00,254.0,40.0,0.02,26.6
2020-09-09 10:59:00,245.0,39.0,0.03,31.6
2020-09-09 11:00:00,250.0,40.0,0.06,33.08
2020-09-09 11:01:00,247.0,39.0,0.02,32.54
2020-09-09 11:02:00,271.0,45.0,0.01,35.79
2020-09-09 11:03:00,246.0,36.0,0.02,27.44
2020-09-09 11:04:00,267.0,36.0,0.05,27.29
2020-09-09 11:05:00,280.0,39.0,0.05,30.61
2020-09-09 11:06:00,252.0,35.0,0.01,27.49
2020-09-09 11:07:00,265.0,34.0,0.03,29.02
2020-09-09 11:08:00,254.0,37.0,0.06,33.16
2020-09-09 11:09:00,269.0,35.0,0.09,31.91
2020-09-09 11:10:00,279.0,39.0,0.04,35.17
2020-09-09 11:11:00,265.0,40.0,0.03,37.64
2020-09-09 11:12:00,273.0,47.0,0.02,40.14
2020-09-09 11:13:00,251.0,41.0,0.04,36.81
2020-09-09 11:14:00,261.0,40.0,0.03,30.31
2020-09-09 11:15:00,254.0,38.0,0.03,26.93
2020-09-09 11:16:00,268.0,39.0,0.01,30.79
2020-09-09 11:17:00,278.0,37.0,0.03,30.25
2020-09-09 11:18:00,276.0,36.0,0.03,28.41
2020-09-09 11:19:00,265.0,36.0,0.01,28.94
2020-09-09 11:20:00,231.0,37.0,0.01,31.02
2020-09-09 11:21:00,255.0,37.0,0.01,29.94
2020-09-09 11:22:00,235.0,37.0,0.01,30.34
2020-09-09 11:23:00,226.0,38.0,0.03,32.97
2020-09-09 11:24:00,245.0,39.0,0.06,32.8
2020-09-09 11:25:00,259.0,38.0,0.02,32.17
2020-09-09 11:26:00,225.0,46.0,0.01,34.83
2020-09-09 11:27:00,273.0,37.0,0.03,30.04
2020-09-09 11:28:00,271.0,38.0,0.01,26.88
2020-09-09 11:29:00,249.0,41.0,0.03,33.59
2020-09-09 11:30:00,263.0,37.0,0.04,28.33
2020-09-09 11:31:00,253.0,39.0,0.02,31.98
2020-09-09 11:32:00,264.0,38.0,0.06,30.14
2020-09-09 11:33:00,233.0,39.0,0.01,31.52
2020-09-09 11:34:00,245.0,38.0,0.09,31.63
2020-09-09 11:35:00,249.0,35.0,0.04,25.25
2020-09-09 11:36:00,240.0,38.0,0.02,30.74
2020-09-09 11:37:00,264.0,39.0,0.03,33.04
2020-09-09 11:38:00,257.0,36.0,0.04,30.97
2020-09-09 11:39:00,224.0,38.0,0.01,32.88
2020-09-09 11:40:00,265.0,40.0,0.09,34.14
2020-09-09 11:41:00,251.0,41.0,0.04,36.58
2020-09-09 11:42:00,227.0,40.0,0.03,35.33
2020-09-09 11:43:00,251.0,42.0,0.16,35.66
2020-09-09 11:44:00,259.0,42.0,0.03,35.6
2020-09-09 11:45:00,268.0,37.0,0.09,32.89
2020-09-09 11:46:00,250.0,38.0,0.03,32.59
2020-09-09 11:47:00,269.0,41.0,0.04,36.52
2020-09-09 11:48:00,254.0,37.0,0.05,28.08
2020-09-09 11:49:00,272.0,36.0,0.04,26.97
2020-09-09 11:50:00,270.0,39.0,0.06,31.47
2020-09-09 11:51:00,269.0,37.0,0.07,31.44
2020-09-09 11:52:00,269.0,39.0,0.04,33.89
2020-09-09 11:53:00,273.0,42.0,0.04,32.23
2020-09-09 11:54:00,274.0,37.0,0.01,29.46
2020-09-09 11:55:00,275.0,41.0,0.03,34.59
2020-09-09 11:56:00,277.0,38.0,0.06,32.13
2020-09-09 11:57:00,261.0,37.0,0.04,31.13
2020-09-09 11:58:00,244.0,35.0,0.03,30.12
2020-09-09 11:59:00,269.0,37.0,0.17,31.72
2020-09-09 12:00:00,253.0,41.0,0.01,36.51
2020-09-09 12:01:00,239.0,40.0,0.02,37.59
2020-09-09 12:02:00,259.0,48.0,0.07,45.71
2020-09-09 12:03:00,268.0,48.0,0.04,39.49
2020-09-09 12:04:00,259.0,43.0,0.04,36.84
2020-09-09 12:05:00,262.0,43.0,0.05,37.97
2020-09-09 12:06:00,259.0,38.0,0.05,34.55
2020-09-09 12:07:00,268.0,41.0,0.02,32.49
2020-09-09 12:08:00,269.0,36.0,0.02,27.52
2020-09-09 12:09:00,272.0,37.0,0.01,29.13
2020-09-09 12:10:00,280.0,37.0,0.05,31.09
2020-09-09 12:11:00,271.0,39.0,0.04,34.34
2020-09-09 12:12:00,276.0,37.0,0.03,36.63
2020-09-09 12:13:00,269.0,41.0,0.04,38.92
2020-09-09 12:14:00,257.0,41.0,0.03,31.78
2020-09-09 12:15:00,268.0,44.0,0.03,41.09
2020-09-09 12:16:00,269.0,43.0,0.01,36.8
2020-09-09 12:17:00,270.0,45.0,0.01,30.47
2020-09-09 12:18:00,257.0,38.0,0.04,31.68
2020-09-09 12:19:00,274.0,37.0,0.05,35.82
2020-09-09 12:20:00,268.0,39.0,0.08,36.46
2020-09-09 12:21:00,275.0,38.0,0.03,34.48
2020-09-09 12:22:00,265.0,37.0,0.03,34.23
2020-09-09 12:23:00,250.0,37.0,0.06,37.47
2020-09-09 12:24:00,247.0,41.0,0.03,41.51
2020-09-09 12:25:00,267.0,39.0,0.01,38.33
2020-09-09 12:26:00,248.0,40.0,0.02,39.09
2020-09-09 12:27:00,268.0,40.0,0.11,35.25
2020-09-09 12:28:00,269.0,38.0,0.02,34.05
2020-09-09 12:29:00,271.0,39.0,0.02,32.17
2020-09-09 12:30:00,265.0,39.0,0.03,32.79
2020-09-09 12:31:00,271.0,42.0,0.04,35.73
2020-09-09 12:32:00,237.0,38.0,0.03,30.66
2020-09-09 12:33:00,233.0,40.0,0.02,34.81
2020-09-09 12:34:00,260.0,42.0,0.07,36.84
2020-09-09 12:35:00,265.0,44.0,0.01,31.07
2020-09-09 12:36:00,268.0,38.0,0.04,32.02
2020-09-09 12:37:00,278.0,38.0,0.04,31.62
2020-09-09 12:38:00,272.0,37.0,0.02,29.59
2020-09-09 12:39:00,271.0,34.0,0.01,28.79
2020-09-09 12:40:00,268.0,35.0,0.04,31.4
2020-09-09 12:41:00,248.0,38.0,0.01,32.65
2020-09-09 12:42:00,221.0,37.0,0.01,35.37
2020-09-09 12:43:00,239.0,41.0,0.01,38.63
2020-09-09 12:44:00,268.0,42.0,0.05,38.24
2020-09-09 12:45:00,232.0,40.0,0.03,35.45
2020-09-09 12:46:00,274.0,41.0,0.01,36.34
2020-09-09 12:47:00,265.0,38.0,0.03,32.88
2020-09-09 12:48:00,278.0,38.0,0.06,31.79
2020-09-09 12:49:00,275.0,36.0,0.03,28.76
2020-09-09 12:50:00,283.0,40.0,0.03,31.79
2020-09-09 12:51:00,280.0,37.0,0.04,32.77
2020-09-09 12:52:00,263.0,38.0,0.02,34.49
2020-09-09 12:53:00,272.0,42.0,0.03,35.73
2020-09-09 12:54:00,273.0,39.0,0.01,33.46
2020-09-09 12:55:00,259.0,43.0,0.03,36.91
2020-09-09 12:56:00,276.0,40.0,0.02,34.11
2020-09-09 12:57:00,282.0,46.0,0.01,37.84
2020-09-09 12:58:00,266.0,42.0,0.01,34.8
2020-09-09 12:59:00,281.0,42.0,0.03,38.96
2020-09-09 13:00:00,282.0,39.0,0.03,33.44
2020-09-09 13:01:00,267.0,42.0,0.01,37.96
2020-09-09 13:02:00,266.0,41.0,0.02,33.73
2020-09-09 13:03:00,276.0,45.0,0.0,37.28
2020-09-09 13:04:00,271.0,39.0,0.0,31.99
2020-09-09 13:05:00,258.0,42.0,0.02,33.06
2020-09-09 13:06:00,279.0,40.0,0.03,33.88
2020-09-09 13:07:00,276.0,38.0,0.04,36.0
2020-09-09 13:08:00,271.0,39.0,0.01,34.98
2020-09-09 13:09:00,281.0,39.0,0.03,33.19
2020-09-09 13:10:00,267.0,37.0,0.03,32.86
2020-09-09 13:11:00,254.0,36.0,0.01,31.46
2020-09-09 13:12:00,268.0,39.0,0.01,35.93
2020-09-09 13:13:00,282.0,40.0,0.04,36.2
2020-09-09 13:14:00,241.0,40.0,0.03,32.59
2020-09-09 13:15:00,255.0,38.0,0.03,34.33
2020-09-09 13:16:00,241.0,40.0,0.03,34.26
2020-09-09 13:17:00,251.0,38.0,0.06,31.77
2020-09-09 13:18:00,260.0,40.0,0.03,33.23
2020-09-09 13:19:00,268.0,38.0,0.07,31.1
2020-09-09 13:20:00,244.0,38.0,0.03,30.55
2020-09-09 13:21:00,262.0,38.0,0.05,30.03
2020-09-09 13:22:00,276.0,37.0,0.05,32.26
2020-09-09 13:23:00,259.0,37.0,0.03,32.22
2020-09-09 13:24:00,257.0,38.0,0.03,30.93
2020-09-09 13:25:00,247.0,35.0,0.01,30.41
2020-09-09 13:26:00,269.0,39.0,0.01,34.3
2020-09-09 13:27:00,252.0,37.0,0.02,30.64
2020-09-09 13:28:00,256.0,36.0,0.04,30.82
2020-09-09 13:29:00,271.0,38.0,0.07,30.73
2020-09-09 13:30:00,274.0,38.0,0.04,34.48
2020-09-09 13:31:00,234.0,38.0,0.02,30.86
2020-09-09 13:32:00,269.0,41.0,0.18,40.35
2020-09-09 13:33:00,259.0,37.0,0.03,33.43
2020-09-09 13:34:00,272.0,40.0,0.07,33.93
2020-09-09 13:35:00,267.0,37.0,0.03,28.27
2020-09-09 13:36:00,264.0,37.0,0.03,29.79
2020-09-09 13:37:00,274.0,42.0,0.04,38.42
2020-09-09 13:38:00,247.0,39.0,0.03,34.21
2020-09-09 13:39:00,259.0,41.0,0.03,34.83
2020-09-09 13:40:00,225.0,37.0,0.0,30.77
2020-09-09 13:41:00,249.0,38.0,0.04,31.36
2020-09-09 13:42:00,258.0,41.0,0.04,34.58
2020-09-09 13:43:00,244.0,40.0,0.03,33.38
2020-09-09 13:44:00,261.0,41.0,0.03,34.95
2020-09-09 13:45:00,258.0,36.0,0.04,27.36
2020-09-09 13:46:00,229.0,42.0,0.03,33.26
2020-09-09 13:47:00,260.0,37.0,0.04,29.42
2020-09-09 13:48:00,259.0,37.0,0.02,30.67
2020-09-09 13:49:00,233.0,39.0,0.01,34.78
2020-09-09 13:50:00,258.0,41.0,0.09,34.14
2020-09-09 13:51:00,252.0,41.0,0.03,33.69
2020-09-09 13:52:00,224.0,38.0,0.04,31.43
2020-09-09 13:53:00,219.0,38.0,0.04,32.46
2020-09-09 13:54:00,263.0,42.0,0.02,34.41
2020-09-09 13:55:00,250.0,37.0,0.03,33.35
2020-09-09 13:56:00,237.0,38.0,0.01,32.94
2020-09-09 13:57:00,260.0,38.0,0.06,32.83
2020-09-09 13:58:00,238.0,37.0,0.04,31.81
2020-09-09 13:59:00,260.0,41.0,0.12,37.16
2020-09-09 14:00:00,260.0,38.0,0.03,32.84
2020-09-09 14:01:00,265.0,38.0,0.01,32.38
2020-09-09 14:02:00,226.0,38.0,0.03,30.21
2020-09-09 14:03:00,245.0,40.0,0.05,33.84
2020-09-09 14:04:00,256.0,41.0,0.17,31.74
2020-09-09 14:05:00,257.0,37.0,0.01,28.54
2020-09-09 14:06:00,256.0,37.0,0.04,27.69
2020-09-09 14:07:00,260.0,39.0,0.06,32.03
2020-09-09 14:08:00,243.0,38.0,0.04,32.21
2020-09-09 14:09:00,260.0,36.0,0.03,30.69
2020-09-09 14:10:00,255.0,38.0,0.03,27.44
2020-09-09 14:11:00,231.0,39.0,0.02,27.82
2020-09-09 14:12:00,248.0,38.0,0.16,30.12
2020-09-09 14:13:00,230.0,38.0,0.01,28.82
2020-09-09 14:14:00,243.0,38.0,0.06,31.09
2020-09-09 14:15:00,256.0,42.0,0.04,30.12
2020-09-09 14:16:00,267.0,44.0,0.03,42.09
2020-09-09 14:17:00,247.0,44.0,0.03,30.64
2020-09-09 14:18:00,255.0,38.0,0.02,26.15
2020-09-09 14:19:00,259.0,40.0,0.0,28.06
2020-09-09 14:20:00,239.0,35.0,0.0,24.05
2020-09-09 14:21:00,248.0,41.0,0.02,27.91
2020-09-09 14:22:00,247.0,41.0,0.01,29.77
2020-09-09 14:23:00,240.0,41.0,0.03,29.23
2020-09-09 14:24:00,220.0,40.0,0.0,31.08
2020-09-09 14:25:00,238.0,39.0,0.01,29.85
2020-09-09 14:26:00,204.0,38.0,0.0,29.54
2020-09-09 14:27:00,228.0,40.0,0.04,30.79
2020-09-09 14:28:00,243.0,40.0,0.04,30.79
2020-09-09 14:29:00,251.0,38.0,0.09,29.43
2020-09-09 14:30:00,255.0,37.0,0.04,28.32
2020-09-09 14:31:00,232.0,36.0,0.0,24.92
2020-09-09 14:32:00,259.0,40.0,0.02,27.92
2020-09-09 14:33:00,237.0,38.0,0.01,26.81
2020-09-09 14:34:00,215.0,38.0,0.03,27.04
2020-09-09 14:35:00,198.0,38.0,0.03,29.56
2020-09-09 14:36:00,242.0,39.0,0.23,34.4
2020-09-09 14:37:00,252.0,45.0,0.09,36.86
2020-09-09 14:38:00,243.0,42.0,0.07,33.73
2020-09-09 14:39:00,265.0,38.0,0.04,33.41
2020-09-09 14:40:00,259.0,39.0,0.01,49.01
2020-09-09 14:41:00,265.0,37.0,0.03,43.71
2020-09-09 14:42:00,262.0,39.0,0.02,37.43
2020-09-09 14:43:00,255.0,38.0,0.01,28.02
2020-09-09 14:44:00,240.0,37.0,0.03,27.95
2020-09-09 14:45:00,259.0,42.0,0.05,27.75
2020-09-09 14:46:00,224.0,39.0,0.02,34.0
2020-09-09 14:47:00,235.0,40.0,0.06,32.33
2020-09-09 14:48:00,248.0,36.0,0.02,29.41
2020-09-09 14:49:00,227.0,38.0,0.02,32.66
2020-09-09 14:50:00,241.0,42.0,0.05,35.69
2020-09-09 14:51:00,227.0,38.0,0.06,29.77
2020-09-09 14:52:00,239.0,37.0,0.07,33.33
2020-09-09 14:53:00,220.0,38.0,0.03,36.16
2020-09-09 14:54:00,242.0,41.0,0.04,35.15
2020-09-09 14:55:00,252.0,42.0,0.03,34.49
2020-09-09 14:56:00,234.0,41.0,0.0,27.11
2020-09-09 14:57:00,244.0,37.0,0.07,30.86
2020-09-09 14:58:00,229.0,40.0,0.0,38.74
2020-09-09 14:59:00,238.0,44.0,0.03,32.41
2020-09-09 15:00:00,261.0,39.0,0.03,30.47
2020-09-09 15:01:00,233.0,41.0,0.02,39.91
2020-09-09 15:02:00,239.0,44.0,0.03,27.96
2020-09-09 15:03:00,228.0,37.0,0.03,31.19
2020-09-09 15:04:00,243.0,39.0,0.04,31.64
2020-09-09 15:05:00,220.0,41.0,0.04,31.12
2020-09-09 15:06:00,236.0,38.0,0.05,29.96
2020-09-09 15:07:00,248.0,38.0,0.21,31.66
2020-09-09 15:08:00,228.0,36.0,0.04,31.05
2020-09-09 15:09:00,243.0,37.0,0.08,31.82
2020-09-09 15:10:00,256.0,39.0,0.03,27.55
2020-09-09 15:11:00,261.0,38.0,0.07,30.94
2020-09-09 15:12:00,259.0,38.0,0.02,28.65
2020-09-09 15:13:00,239.0,37.0,0.01,33.55
2020-09-09 15:14:00,251.0,39.0,0.14,25.66
2020-09-09 15:15:00,232.0,37.0,0.03,26.1
2020-09-09 15:16:00,241.0,37.0,0.1,27.73
2020-09-09 15:17:00,254.0,38.0,0.03,27.86
2020-09-09 15:18:00,257.0,39.0,0.03,29.41
2020-09-09 15:19:00,222.0,38.0,0.01,30.47
2020-09-09 15:20:00,256.0,37.0,0.06,32.01
2020-09-09 15:21:00,237.0,39.0,0.03,30.17
2020-09-09 15:22:00,261.0,40.0,0.21,28.32
2020-09-09 15:23:00,236.0,39.0,0.04,29.18
2020-09-09 15:24:00,258.0,39.0,0.12,29.91
2020-09-09 15:25:00,219.0,38.0,0.01,28.3
2020-09-09 15:26:00,219.0,38.0,0.03,27.24
2020-09-09 15:27:00,210.0,38.0,0.02,28.08
2020-09-09 15:28:00,238.0,38.0,0.12,27.54
2020-09-09 15:29:00,241.0,37.0,0.02,26.89
2020-09-09 15:30:00,250.0,36.0,0.04,25.07
2020-09-09 15:31:00,232.0,38.0,0.01,23.32
2020-09-09 15:32:00,242.0,35.0,0.07,24.2
2020-09-09 15:33:00,223.0,36.0,0.03,25.38
2020-09-09 15:34:00,233.0,37.0,0.09,25.75
2020-09-09 15:35:00,219.0,37.0,0.03,25.94
2020-09-09 15:36:00,230.0,38.0,0.16,25.68
2020-09-09 15:37:00,196.0,39.0,0.04,24.56
2020-09-09 15:38:00,240.0,35.0,0.14,24.27
2020-09-09 15:39:00,249.0,35.0,0.06,24.62
2020-09-09 15:40:00,218.0,34.0,0.04,23.04
2020-09-09 15:41:00,236.0,36.0,0.16,26.41
2020-09-09 15:42:00,248.0,36.0,0.06,23.88
2020-09-09 15:43:00,220.0,35.0,0.02,24.93
2020-09-09 15:44:00,231.0,37.0,0.05,23.92
2020-09-09 15:45:00,252.0,36.0,0.05,23.18
2020-09-09 15:46:00,234.0,36.0,0.03,25.12
2020-09-09 15:47:00,203.0,36.0,0.01,27.69
2020-09-09 15:48:00,249.0,36.0,0.03,26.86
2020-09-09 15:49:00,258.0,36.0,0.03,25.73
2020-09-09 15:50:00,213.0,35.0,0.03,25.0
2020-09-09 15:51:00,209.0,34.0,0.02,24.37
2020-09-09 15:52:00,223.0,36.0,0.03,27.62
2020-09-09 15:53:00,227.0,36.0,0.04,27.76
2020-09-09 15:54:00,225.0,35.0,0.02,29.78
2020-09-09 15:55:00,260.0,36.0,0.03,25.93
2020-09-09 15:56:00,209.0,37.0,0.03,25.31
2020-09-09 15:57:00,227.0,38.0,0.18,23.11
2020-09-09 15:58:00,218.0,38.0,0.04,26.12
2020-09-09 15:59:00,203.0,37.0,0.04,26.41
2020-09-09 16:00:00,249.0,35.0,0.07,26.64
2020-09-09 16:01:00,204.0,35.0,0.03,24.36
2020-09-09 16:02:00,216.0,34.0,0.04,23.03
2020-09-09 16:03:00,229.0,34.0,0.07,23.4
2020-09-09 16:04:00,239.0,35.0,0.2,24.76
2020-09-09 16:05:00,197.0,32.0,0.04,24.93
2020-09-09 16:06:00,222.0,34.0,0.21,23.74
2020-09-09 16:07:00,263.0,36.0,0.23,21.12
2020-09-09 16:08:00,209.0,34.0,0.07,22.07
2020-09-09 16:09:00,240.0,35.0,0.09,21.23
2020-09-09 16:10:00,218.0,35.0,0.04,22.09
2020-09-09 16:11:00,230.0,34.0,0.06,22.34
2020-09-09 16:12:00,206.0,34.0,0.03,22.44
2020-09-09 16:13:00,216.0,34.0,0.07,20.88
2020-09-09 16:14:00,226.0,35.0,0.17,21.99
2020-09-09 16:15:00,200.0,33.0,0.02,19.36
2020-09-09 16:16:00,218.0,33.0,0.18,19.56
2020-09-09 16:17:00,195.0,35.0,0.04,19.46
2020-09-09 16:18:00,206.0,36.0,0.04,21.04
2020-09-09 16:19:00,208.0,36.0,0.05,21.67
2020-09-09 16:20:00,228.0,35.0,0.24,21.31
2020-09-09 16:21:00,208.0,36.0,0.08,24.11
2020-09-09 16:22:00,192.0,37.0,0.04,22.19
2020-09-09 16:23:00,204.0,34.0,0.14,21.93
2020-09-09 16:24:00,221.0,34.0,0.05,22.36
2020-09-09 16:25:00,237.0,34.0,0.11,22.14
2020-09-09 16:26:00,205.0,35.0,0.02,21.26
2020-09-09 16:27:00,249.0,37.0,0.06,20.34
2020-09-09 16:28:00,209.0,37.0,0.03,21.66
2020-09-09 16:29:00,230.0,35.0,0.19,18.21
2020-09-09 16:30:00,242.0,35.0,0.13,20.3
2020-09-09 16:31:00,270.0,37.0,0.19,21.26
2020-09-09 16:32:00,218.0,33.0,0.05,26.2
2020-09-09 16:33:00,251.0,36.0,0.23,20.76
2020-09-09 16:34:00,240.0,33.0,0.03,20.11
2020-09-09 16:35:00,252.0,35.0,0.06,21.02
2020-09-09 16:36:00,268.0,37.0,0.04,19.63
2020-09-09 16:37:00,228.0,35.0,0.03,22.01
2020-09-09 16:38:00,206.0,33.0,0.01,19.5
2020-09-09 16:39:00,238.0,33.0,0.16,19.73
2020-09-09 16:40:00,207.0,36.0,0.01,20.56
2020-09-09 16:41:00,195.0,34.0,0.01,20.41
2020-09-09 16:42:00,219.0,33.0,0.11,19.5
2020-09-09 16:43:00,191.0,34.0,0.01,19.7
2020-09-09 16:44:00,205.0,35.0,0.03,20.15
2020-09-09 16:45:00,218.0,34.0,0.07,21.69
2020-09-09 16:46:00,205.0,34.0,0.03,20.11
2020-09-09 16:47:00,198.0,35.0,0.04,21.48
2020-09-09 16:48:00,208.0,35.0,0.1,20.08
2020-09-09 16:49:00,212.0,36.0,0.01,20.18
2020-09-09 16:50:00,177.0,34.0,0.03,19.78
2020-09-09 16:51:00,187.0,33.0,0.11,20.29
2020-09-09 16:52:00,232.0,33.0,0.28,20.38
2020-09-09 16:53:00,241.0,35.0,0.23,21.89
2020-09-09 16:54:00,184.0,34.0,0.04,20.93
2020-09-09 16:55:00,229.0,33.0,0.05,20.79
2020-09-09 16:56:00,251.0,34.0,0.2,20.76
2020-09-09 16:57:00,193.0,34.0,0.04,19.93
2020-09-09 16:58:00,209.0,35.0,0.05,20.27
2020-09-09 16:59:00,201.0,33.0,0.02,19.46
2020-09-09 17:00:00,215.0,33.0,0.12,19.81
2020-09-09 17:01:00,249.0,33.0,0.2,20.88
2020-09-09 17:02:00,192.0,33.0,0.05,20.49
2020-09-09 17:03:00,210.0,34.0,0.09,21.43
2020-09-09 17:04:00,181.0,33.0,0.04,19.29
2020-09-09 17:05:00,194.0,34.0,0.12,20.32
2020-09-09 17:06:00,238.0,36.0,0.36,21.62
2020-09-09 17:07:00,214.0,36.0,0.04,19.65
2020-09-09 17:08:00,199.0,34.0,0.03,19.4
2020-09-09 17:09:00,215.0,34.0,0.1,18.55
2020-09-09 17:10:00,246.0,35.0,0.09,20.26
2020-09-09 17:11:00,206.0,33.0,0.04,18.9
2020-09-09 17:12:00,174.0,33.0,0.02,19.86
2020-09-09 17:13:00,217.0,34.0,0.29,19.31
2020-09-09 17:14:00,201.0,34.0,0.05,19.46
2020-09-09 17:15:00,200.0,36.0,0.06,20.48
2020-09-09 17:16:00,210.0,37.0,0.11,20.77
2020-09-09 17:17:00,230.0,34.0,0.07,20.18
2020-09-09 17:18:00,211.0,36.0,0.04,19.7
2020-09-09 17:19:00,192.0,34.0,0.02,18.36
2020-09-09 17:20:00,202.0,33.0,0.06,18.65
2020-09-09 17:21:00,180.0,33.0,0.04,19.59
2020-09-09 17:22:00,180.0,34.0,0.04,19.46
2020-09-09 17:23:00,179.0,34.0,0.03,19.2
2020-09-09 17:24:00,188.0,34.0,0.07,19.93
2020-09-09 17:25:00,181.0,33.0,0.03,18.97
2020-09-09 17:26:00,159.0,33.0,0.03,18.91
2020-09-09 17:27:00,201.0,35.0,0.05,18.44
2020-09-09 17:28:00,213.0,35.0,0.03,20.37
2020-09-09 17:29:00,210.0,34.0,0.03,18.77
2020-09-09 17:30:00,180.0,33.0,0.04,17.74
2020-09-09 17:31:00,192.0,34.0,0.16,19.05
2020-09-09 17:32:00,205.0,33.0,0.15,17.76
2020-09-09 17:33:00,218.0,35.0,0.06,18.71
2020-09-09 17:34:00,174.0,33.0,0.04,17.49
2020-09-09 17:35:00,185.0,33.0,0.16,17.86
2020-09-09 17:36:00,212.0,34.0,0.09,19.34
2020-09-09 17:37:00,224.0,34.0,0.13,19.94
2020-09-09 17:38:00,198.0,35.0,0.09,19.31
2020-09-09 17:39:00,214.0,34.0,0.25,20.09
2020-09-09 17:40:00,175.0,35.0,0.07,19.82
2020-09-09 17:41:00,176.0,34.0,0.03,20.11
2020-09-09 17:42:00,223.0,34.0,0.26,18.64
2020-09-09 17:43:00,175.0,33.0,0.04,18.56
2020-09-09 17:44:00,189.0,36.0,0.05,20.21
2020-09-09 17:45:00,206.0,33.0,0.2,18.8
2020-09-09 17:46:00,215.0,34.0,0.23,18.84
2020-09-09 17:47:00,158.0,34.0,0.03,17.46
2020-09-09 17:48:00,192.0,34.0,0.02,18.46
2020-09-09 17:49:00,208.0,34.0,0.05,17.56
2020-09-09 17:50:00,189.0,34.0,0.1,18.24
2020-09-09 17:51:00,204.0,33.0,0.23,17.66
2020-09-09 17:52:00,215.0,34.0,0.25,18.26
2020-09-09 17:53:00,189.0,36.0,0.07,20.57
2020-09-09 17:54:00,165.0,34.0,0.04,18.89
2020-09-09 17:55:00,173.0,34.0,0.17,18.83
2020-09-09 17:56:00,186.0,33.0,0.19,18.33
2020-09-09 17:57:00,196.0,35.0,0.2,19.1
2020-09-09 17:58:00,176.0,33.0,0.03,18.56
2020-09-09 17:59:00,164.0,34.0,0.04,18.35
2020-09-09 18:00:00,180.0,34.0,0.07,19.17
2020-09-09 18:01:00,200.0,35.0,0.1,18.1
2020-09-09 18:02:00,214.0,33.0,0.08,18.6
2020-09-09 18:03:00,163.0,35.0,0.01,19.54
2020-09-09 18:04:00,179.0,35.0,0.02,18.79
2020-09-09 18:05:00,190.0,33.0,0.06,18.61
2020-09-09 18:06:00,168.0,32.0,0.03,17.95
2020-09-09 18:07:00,201.0,32.0,0.19,18.05
2020-09-09 18:08:00,163.0,32.0,0.04,18.27
2020-09-09 18:09:00,184.0,33.0,0.23,18.78
2020-09-09 18:10:00,168.0,35.0,0.06,19.88
2020-09-09 18:11:00,189.0,34.0,0.17,19.14
2020-09-09 18:12:00,173.0,35.0,0.03,18.37
2020-09-09 18:13:00,189.0,35.0,0.17,18.64
2020-09-09 18:14:00,205.0,34.0,0.2,19.23
2020-09-09 18:15:00,167.0,33.0,0.04,18.59
2020-09-09 18:16:00,182.0,35.0,0.05,19.09
2020-09-09 18:17:00,197.0,35.0,0.19,19.66
2020-09-09 18:18:00,178.0,33.0,0.07,18.57
2020-09-09 18:19:00,174.0,34.0,0.03,18.58
2020-09-09 18:20:00,186.0,33.0,0.18,18.29
2020-09-09 18:21:00,176.0,34.0,0.04,18.21
2020-09-09 18:22:00,196.0,33.0,0.08,19.02
2020-09-09 18:23:00,212.0,34.0,0.12,19.5
2020-09-09 18:24:00,198.0,33.0,0.06,18.66
2020-09-09 18:25:00,161.0,32.0,0.02,18.41
2020-09-09 18:26:00,192.0,34.0,0.04,18.86
2020-09-09 18:27:00,212.0,35.0,0.12,19.38
2020-09-09 18:28:00,202.0,33.0,0.02,19.48
2020-09-09 18:29:00,189.0,33.0,0.04,19.75
2020-09-09 18:30:00,200.0,33.0,0.17,19.76
2020-09-09 18:31:00,232.0,34.0,0.2,19.01
2020-09-09 18:32:00,210.0,33.0,0.09,18.38
2020-09-09 18:33:00,209.0,33.0,0.06,19.16
2020-09-09 18:34:00,204.0,34.0,0.04,18.89
2020-09-09 18:35:00,202.0,35.0,0.04,19.76
2020-09-09 18:36:00,187.0,33.0,0.01,18.64
2020-09-09 18:37:00,184.0,34.0,0.03,18.74
2020-09-09 18:38:00,199.0,34.0,0.17,19.36
2020-09-09 18:39:00,186.0,35.0,0.01,20.04
2020-09-09 18:40:00,197.0,34.0,0.05,19.77
2020-09-09 18:41:00,189.0,33.0,0.03,18.66
2020-09-09 18:42:00,177.0,33.0,0.04,18.78
2020-09-09 18:43:00,195.0,34.0,0.14,19.29
2020-09-09 18:44:00,206.0,34.0,0.21,18.48
2020-09-09 18:45:00,224.0,35.0,0.24,19.15
2020-09-09 18:46:00,208.0,32.0,0.05,17.91
2020-09-09 18:47:00,224.0,33.0,0.17,19.33
2020-09-09 18:48:00,180.0,33.0,0.03,19.12
2020-09-09 18:49:00,229.0,34.0,0.21,19.71
2020-09-09 18:50:00,180.0,33.0,0.02,19.1
2020-09-09 18:51:00,193.0,33.0,0.03,19.72
2020-09-09 18:52:00,170.0,32.0,0.02,18.96
2020-09-09 18:53:00,165.0,32.0,0.03,18.79
2020-09-09 18:54:00,178.0,33.0,0.07,19.56
2020-09-09 18:55:00,189.0,33.0,0.07,19.23
2020-09-09 18:56:00,184.0,32.0,0.06,18.26
2020-09-09 18:57:00,174.0,35.0,0.05,19.86
2020-09-09 18:58:00,184.0,34.0,0.16,19.79
2020-09-09 18:59:00,194.0,36.0,0.19,20.62
2020-09-09 19:00:00,207.0,35.0,0.12,20.62
2020-09-09 19:01:00,182.0,32.0,0.03,18.6
2020-09-09 19:02:00,192.0,35.0,0.15,19.91
2020-09-09 19:03:00,177.0,32.0,0.07,18.28
2020-09-09 19:04:00,195.0,34.0,0.09,19.74
2020-09-09 19:05:00,186.0,33.0,0.03,18.81
2020-09-09 19:06:00,196.0,34.0,0.23,18.93
2020-09-09 19:07:00,179.0,32.0,0.11,17.29
2020-09-09 19:08:00,172.0,34.0,0.04,18.84
2020-09-09 19:09:00,203.0,36.0,0.09,19.74
2020-09-09 19:10:00,186.0,35.0,0.06,18.79
2020-09-09 19:11:00,197.0,33.0,0.23,18.17
2020-09-09 19:12:00,206.0,34.0,0.26,18.8
2020-09-09 19:13:00,184.0,33.0,0.12,17.9
2020-09-09 19:14:00,199.0,34.0,0.19,18.06
2020-09-09 19:15:00,213.0,34.0,0.16,17.95
2020-09-09 19:16:00,196.0,33.0,0.05,18.12
2020-09-09 19:17:00,212.0,34.0,0.11,18.21
2020-09-09 19:18:00,221.0,33.0,0.18,16.68
2020-09-09 19:19:00,208.0,34.0,0.05,17.67
2020-09-09 19:20:00,180.0,35.0,0.04,18.62
2020-09-09 19:21:00,198.0,34.0,0.18,18.07
2020-09-09 19:22:00,210.0,35.0,0.19,18.71
2020-09-09 19:23:00,178.0,33.0,0.06,18.27
2020-09-09 19:24:00,224.0,34.0,0.07,18.49
2020-09-09 19:25:00,186.0,32.0,0.04,18.01
2020-09-09 19:26:00,214.0,34.0,0.17,19.09
2020-09-09 19:27:00,193.0,32.0,0.03,17.78
2020-09-09 19:28:00,213.0,33.0,0.06,19.12
2020-09-09 19:29:00,201.0,34.0,0.03,20.1
2020-09-09 19:30:00,184.0,35.0,0.05,18.88
2020-09-09 19:31:00,181.0,34.0,0.06,17.84
2020-09-09 19:32:00,192.0,33.0,0.24,17.81
2020-09-09 19:33:00,182.0,35.0,0.02,17.48
2020-09-09 19:34:00,200.0,35.0,0.22,16.94
2020-09-09 19:35:00,214.0,32.0,0.22,18.09
2020-09-09 19:36:00,194.0,32.0,0.08,18.2
2020-09-09 19:37:00,181.0,32.0,0.13,18.18
2020-09-09 19:38:00,195.0,34.0,0.24,18.09
2020-09-09 19:39:00,210.0,34.0,0.24,18.74
2020-09-09 19:40:00,219.0,34.0,0.18,18.26
2020-09-09 19:41:00,182.0,33.0,0.03,17.35
2020-09-09 19:42:00,204.0,35.0,0.24,18.42
2020-09-09 19:43:00,188.0,34.0,0.09,17.86
2020-09-09 19:44:00,208.0,34.0,0.21,17.26
2020-09-09 19:45:00,191.0,34.0,0.07,15.49
2020-09-09 19:46:00,204.0,34.0,0.15,16.25
2020-09-09 19:47:00,196.0,34.0,0.07,17.6
2020-09-09 19:48:00,175.0,33.0,0.07,16.69
2020-09-09 19:49:00,220.0,33.0,0.09,17.24
2020-09-09 19:50:00,172.0,33.0,0.06,16.98
2020-09-09 19:51:00,186.0,32.0,0.2,17.78
2020-09-09 19:52:00,207.0,33.0,0.27,18.04
2020-09-09 19:53:00,223.0,34.0,0.27,18.57
2020-09-09 19:54:00,200.0,33.0,0.05,18.03
2020-09-09 19:55:00,245.0,33.0,0.3,17.81
2020-09-09 19:56:00,204.0,33.0,0.06,16.98
2020-09-09 19:57:00,201.0,34.0,0.01,17.55
2020-09-09 19:58:00,193.0,34.0,0.04,17.33
2020-09-09 19:59:00,183.0,33.0,0.06,17.68
2020-09-09 20:00:00,173.0,33.0,0.03,17.86
2020-09-09 20:01:00,187.0,33.0,0.16,17.21
2020-09-09 20:02:00,175.0,32.0,0.06,16.99
2020-09-09 20:03:00,190.0,32.0,0.11,16.9
2020-09-09 20:04:00,173.0,32.0,0.06,17.14
2020-09-09 20:05:00,168.0,32.0,0.04,17.21
2020-09-09 20:06:00,160.0,33.0,0.03,16.24
2020-09-09 20:07:00,206.0,35.0,0.05,17.59
2020-09-09 20:08:00,193.0,34.0,0.07,16.48
2020-09-09 20:09:00,208.0,35.0,0.21,16.43
2020-09-09 20:10:00,218.0,35.0,0.14,17.46
2020-09-09 20:11:00,227.0,34.0,0.24,17.27
2020-09-09 20:12:00,179.0,33.0,0.04,16.79
2020-09-09 20:13:00,173.0,32.0,0.05,17.25
2020-09-09 20:14:00,180.0,33.0,0.04,17.54
2020-09-09 20:15:00,197.0,34.0,0.17,17.56
2020-09-09 20:16:00,211.0,33.0,0.16,17.78
2020-09-09 20:17:00,201.0,32.0,0.06,17.22
2020-09-09 20:18:00,181.0,33.0,0.06,16.91
2020-09-09 20:19:00,186.0,33.0,0.03,16.04
2020-09-09 20:20:00,184.0,34.0,0.04,17.06
2020-09-09 20:21:00,203.0,34.0,0.06,16.96
2020-09-09 20:22:00,212.0,34.0,0.14,16.02
2020-09-09 20:23:00,219.0,33.0,0.18,17.04
2020-09-09 20:24:00,187.0,33.0,0.02,17.02
2020-09-09 20:25:00,204.0,34.0,0.19,17.91
2020-09-09 20:26:00,184.0,33.0,0.02,17.38
2020-09-09 20:27:00,206.0,33.0,0.16,17.49
2020-09-09 20:28:00,190.0,33.0,0.05,18.12
2020-09-09 20:29:00,170.0,33.0,0.02,18.29
2020-09-09 20:30:00,174.0,32.0,0.03,16.89
2020-09-09 20:31:00,197.0,33.0,0.04,18.03
2020-09-09 20:32:00,208.0,33.0,0.17,18.55
2020-09-09 20:33:00,192.0,34.0,0.03,17.61
2020-09-09 20:34:00,204.0,33.0,0.06,18.48
2020-09-09 20:35:00,175.0,35.0,0.02,17.61
2020-09-09 20:36:00,191.0,32.0,0.04,17.39
2020-09-09 20:37:00,179.0,32.0,0.04,16.94
2020-09-09 20:38:00,212.0,33.0,0.17,17.47
2020-09-09 20:39:00,176.0,35.0,0.02,18.75
2020-09-09 20:40:00,190.0,34.0,0.04,18.44
2020-09-09 20:41:00,176.0,34.0,0.03,17.45
2020-09-09 20:42:00,195.0,35.0,0.22,17.41
2020-09-09 20:43:00,191.0,35.0,0.06,17.57
2020-09-09 20:44:00,212.0,36.0,0.12,16.17
2020-09-09 20:45:00,173.0,34.0,0.03,16.21
2020-09-09 20:46:00,189.0,34.0,0.02,16.77
2020-09-09 20:47:00,206.0,34.0,0.13,15.95
2020-09-09 20:48:00,169.0,35.0,0.03,17.32
2020-09-09 20:49:00,183.0,32.0,0.04,16.78
2020-09-09 20:50:00,178.0,33.0,0.04,17.82
2020-09-09 20:51:00,159.0,33.0,0.03,17.66
2020-09-09 20:52:00,177.0,32.0,0.03,17.1
2020-09-09 20:53:00,193.0,33.0,0.19,17.82
2020-09-09 20:54:00,160.0,34.0,0.04,18.08
2020-09-09 20:55:00,173.0,33.0,0.04,17.88
2020-09-09 20:56:00,175.0,33.0,0.03,17.21
2020-09-09 20:57:00,169.0,33.0,0.03,17.54
2020-09-09 20:58:00,163.0,34.0,0.02,17.26
2020-09-09 20:59:00,192.0,34.0,0.03,17.79
2020-09-09 21:00:00,170.0,34.0,0.01,18.09
2020-09-09 21:01:00,193.0,35.0,0.04,18.57
2020-09-09 21:02:00,160.0,33.0,0.03,17.33
2020-09-09 21:03:00,203.0,35.0,0.17,18.59
2020-09-09 21:04:00,212.0,33.0,0.19,18.14
2020-09-09 21:05:00,182.0,33.0,0.02,17.44
2020-09-09 21:06:00,196.0,32.0,0.17,17.23
2020-09-09 21:07:00,186.0,35.0,0.05,16.98
2020-09-09 21:08:00,193.0,35.0,0.05,16.81
2020-09-09 21:09:00,195.0,34.0,0.04,17.19
2020-09-09 21:10:00,196.0,35.0,0.04,17.46
2020-09-09 21:11:00,180.0,32.0,0.03,17.58
2020-09-09 21:12:00,203.0,33.0,0.05,17.41
2020-09-09 21:13:00,195.0,35.0,0.02,18.61
2020-09-09 21:14:00,176.0,34.0,0.01,17.98
2020-09-09 21:15:00,181.0,33.0,0.02,17.43
2020-09-09 21:16:00,193.0,33.0,0.13,17.53
2020-09-09 21:17:00,175.0,33.0,0.04,17.2
2020-09-09 21:18:00,204.0,35.0,0.03,18.45
2020-09-09 21:19:00,170.0,34.0,0.03,18.23
2020-09-09 21:20:00,184.0,34.0,0.17,17.59
2020-09-09 21:21:00,174.0,32.0,0.06,18.16
2020-09-09 21:22:00,156.0,32.0,0.02,17.74
2020-09-09 21:23:00,172.0,33.0,0.03,18.67
2020-09-09 21:24:00,196.0,33.0,0.04,18.1
2020-09-09 21:25:00,171.0,32.0,0.04,18.11
2020-09-09 21:26:00,162.0,31.0,0.03,17.64
2020-09-09 21:27:00,164.0,32.0,0.03,18.36
2020-09-09 21:28:00,157.0,33.0,0.03,18.22
2020-09-09 21:29:00,182.0,35.0,0.03,18.69
2020-09-09 21:30:00,159.0,35.0,0.01,18.4
2020-09-09 21:31:00,178.0,33.0,0.12,17.86
2020-09-09 21:32:00,176.0,33.0,0.04,16.96
2020-09-09 21:33:00,191.0,34.0,0.03,17.56
2020-09-09 21:34:00,190.0,35.0,0.04,17.28
2020-09-09 21:35:00,204.0,35.0,0.18,18.14
2020-09-09 21:36:00,185.0,36.0,0.06,17.33
2020-09-09 21:37:00,180.0,34.0,0.07,17.74
2020-09-09 21:38:00,210.0,34.0,0.13,18.68
2020-09-09 21:39:00,173.0,34.0,0.07,18.46
2020-09-09 21:40:00,187.0,33.0,0.12,18.27
2020-09-09 21:41:00,174.0,35.0,0.03,17.61
2020-09-09 21:42:00,186.0,33.0,0.03,17.89
2020-09-09 21:43:00,167.0,34.0,0.01,17.62
2020-09-09 21:44:00,189.0,35.0,0.17,17.71
2020-09-09 21:45:00,174.0,34.0,0.06,17.47
2020-09-09 21:46:00,188.0,34.0,0.03,16.94
2020-09-09 21:47:00,197.0,32.0,0.17,16.62
2020-09-09 21:48:00,206.0,33.0,0.22,18.03
2020-09-09 21:49:00,164.0,34.0,0.03,17.59
2020-09-09 21:50:00,181.0,33.0,0.23,17.1
2020-09-09 21:51:00,195.0,32.0,0.26,17.79
2020-09-09 21:52:00,178.0,32.0,0.06,17.72
2020-09-09 21:53:00,189.0,32.0,0.17,17.63
2020-09-09 21:54:00,186.0,35.0,0.04,18.72
2020-09-09 21:55:00,197.0,35.0,0.2,16.86
2020-09-09 21:56:00,182.0,34.0,0.05,17.33
2020-09-09 21:57:00,194.0,33.0,0.17,17.74
2020-09-09 21:58:00,206.0,33.0,0.17,17.35
2020-09-09 21:59:00,188.0,33.0,0.02,18.6
2020-09-09 22:00:00,189.0,33.0,0.03,16.69
2020-09-09 22:01:00,198.0,35.0,0.01,18.72
2020-09-09 22:02:00,181.0,35.0,0.01,16.24
2020-09-09 22:03:00,175.0,34.0,0.04,17.97
2020-09-09 22:04:00,167.0,35.0,0.04,19.21
2020-09-09 22:05:00,188.0,35.0,0.19,17.96
2020-09-09 22:06:00,173.0,36.0,0.07,17.09
2020-09-09 22:07:00,189.0,34.0,0.03,17.42
2020-09-09 22:08:00,188.0,34.0,0.08,17.09
2020-09-09 22:09:00,214.0,35.0,0.15,17.19
2020-09-09 22:10:00,182.0,36.0,0.03,16.39
2020-09-09 22:11:00,203.0,35.0,0.12,15.87
2020-09-09 22:12:00,183.0,33.0,0.04,16.29
2020-09-09 22:13:00,172.0,33.0,0.04,17.28
2020-09-09 22:14:00,171.0,32.0,0.03,17.26
2020-09-09 22:15:00,169.0,33.0,0.03,17.89
2020-09-09 22:16:00,181.0,33.0,0.09,17.86
2020-09-09 22:17:00,183.0,32.0,0.01,21.25
2020-09-09 22:18:00,134.0,79.0,0.36,29.48
2020-09-09 22:19:00,152.0,93.0,0.15,30.18
2020-09-09 22:20:00,190.0,46.0,0.03,18.86
2020-09-09 22:21:00,157.0,34.0,0.09,20.63
2020-09-09 22:22:00,190.0,34.0,0.14,16.2
2020-09-09 22:23:00,187.0,34.0,0.07,15.44
2020-09-09 22:24:00,209.0,33.0,0.04,16.41
2020-09-09 22:25:00,197.0,35.0,0.05,16.19
2020-09-09 22:26:00,209.0,34.0,0.06,16.54
2020-09-09 22:27:00,224.0,36.0,0.24,16.02
2020-09-09 22:28:00,222.0,35.0,0.06,15.91
2020-09-09 22:29:00,197.0,38.0,0.06,16.92
2020-09-09 22:30:00,186.0,37.0,0.04,17.51
2020-09-09 22:31:00,208.0,35.0,0.06,17.22
2020-09-09 22:32:00,192.0,34.0,0.05,18.1
2020-09-09 22:33:00,213.0,34.0,0.26,17.67
2020-09-09 22:34:00,205.0,33.0,0.06,17.91
2020-09-09 22:35:00,195.0,34.0,0.04,17.94
2020-09-09 22:36:00,243.0,35.0,0.28,18.61
2020-09-09 22:37:00,203.0,34.0,0.03,18.36
2020-09-09 22:38:00,201.0,35.0,0.04,19.26
2020-09-09 22:39:00,195.0,34.0,0.03,18.21
2020-09-09 22:40:00,205.0,36.0,0.17,18.02
2020-09-09 22:41:00,215.0,35.0,0.16,18.26
2020-09-09 22:42:00,198.0,33.0,0.03,18.27
2020-09-09 22:43:00,212.0,33.0,0.04,17.8
2020-09-09 22:44:00,205.0,35.0,0.03,17.02
2020-09-09 22:45:00,178.0,33.0,0.04,16.87
2020-09-09 22:46:00,189.0,32.0,0.11,17.08
2020-09-09 22:47:00,200.0,35.0,0.21,17.47
2020-09-09 22:48:00,210.0,36.0,0.06,18.73
2020-09-09 22:49:00,197.0,36.0,0.04,18.59
2020-09-09 22:50:00,214.0,35.0,0.12,17.84
2020-09-09 22:51:00,224.0,33.0,0.06,17.4
2020-09-09 22:52:00,203.0,34.0,0.03,17.32
2020-09-09 22:53:00,216.0,34.0,0.07,17.37
2020-09-09 22:54:00,228.0,34.0,0.04,18.04
2020-09-09 22:55:00,249.0,34.0,0.16,17.57
2020-09-09 22:56:00,206.0,34.0,0.03,17.08
2020-09-09 22:57:00,205.0,34.0,0.06,17.58
2020-09-09 22:58:00,209.0,34.0,0.04,18.43
2020-09-09 22:59:00,188.0,31.0,0.03,16.76
2020-09-09 23:00:00,184.0,32.0,0.03,17.32
2020-09-09 23:01:00,197.0,32.0,0.14,17.82
2020-09-09 23:02:00,179.0,33.0,0.03,18.39
2020-09-09 23:03:00,211.0,34.0,0.23,19.56
2020-09-09 23:04:00,225.0,36.0,0.21,18.68
2020-09-09 23:05:00,192.0,35.0,0.03,17.77
2020-09-09 23:06:00,205.0,32.0,0.19,17.61
2020-09-09 23:07:00,201.0,36.0,0.03,19.54
2020-09-09 23:08:00,220.0,34.0,0.21,18.24
2020-09-09 23:09:00,218.0,36.0,0.07,18.88
2020-09-09 23:10:00,231.0,34.0,0.06,18.26
2020-09-09 23:11:00,212.0,33.0,0.02,18.61
2020-09-09 23:12:00,203.0,34.0,0.02,18.52
2020-09-09 23:13:00,193.0,33.0,0.03,18.3
2020-09-09 23:14:00,235.0,35.0,0.2,17.38
2020-09-09 23:15:00,224.0,35.0,0.03,17.79
2020-09-09 23:16:00,201.0,32.0,0.03,17.35
2020-09-09 23:17:00,222.0,32.0,0.19,17.45
2020-09-09 23:18:00,193.0,33.0,0.03,17.78
2020-09-09 23:19:00,209.0,34.0,0.19,18.03
2020-09-09 23:20:00,220.0,34.0,0.32,18.69
2020-09-09 23:21:00,203.0,33.0,0.07,17.96
2020-09-09 23:22:00,259.0,34.0,0.41,17.25
2020-09-09 23:23:00,231.0,35.0,0.07,18.7
2020-09-09 23:24:00,210.0,34.0,0.03,17.29
2020-09-09 23:25:00,224.0,36.0,0.05,16.56
2020-09-09 23:26:00,267.0,35.0,0.17,16.11
2020-09-09 23:27:00,228.0,35.0,0.02,16.97
2020-09-09 23:28:00,259.0,36.0,0.11,16.98
2020-09-09 23:29:00,214.0,33.0,0.03,17.09
2020-09-09 23:30:00,232.0,37.0,0.18,16.75
2020-09-09 23:31:00,242.0,36.0,0.07,16.91
2020-09-09 23:32:00,220.0,33.0,0.09,17.45
2020-09-09 23:33:00,234.0,34.0,0.14,17.99
2020-09-09 23:34:00,245.0,34.0,0.21,17.52
2020-09-09 23:35:00,206.0,34.0,0.04,17.34
2020-09-09 23:36:00,225.0,36.0,0.2,16.88
2020-09-09 23:37:00,238.0,34.0,0.29,17.59
2020-09-09 23:38:00,218.0,33.0,0.08,17.75
2020-09-09 23:39:00,232.0,33.0,0.26,17.11
2020-09-09 23:40:00,198.0,33.0,0.06,17.84
2020-09-09 23:41:00,198.0,34.0,0.02,17.69
2020-09-09 23:42:00,221.0,33.0,0.06,17.89
2020-09-09 23:43:00,231.0,33.0,0.23,18.48
2020-09-09 23:44:00,240.0,35.0,0.26,18.48
2020-09-09 23:46:00,231.0,33.0,0.26,17.77
2020-09-09 23:48:00,219.0,36.0,0.2,16.71
2020-09-09 23:50:00,223.0,36.0,0.06,17.64
2020-09-09 23:52:00,225.0,34.0,0.06,17.24
2020-09-09 23:53:00,225.0,33.0,0.02,18.48
2020-09-09 23:54:00,244.0,33.0,0.21,17.61
2020-09-09 23:55:00,205.0,35.0,0.24,18.7
2020-09-09 23:56:00,227.0,35.0,0.06,16.88
2020-09-09 23:57:00,225.0,35.0,0.19,16.63
2020-09-09 23:58:00,256.0,35.0,0.04,17.02
2020-09-09 23:59:00,217.0,38.0,0.26,16.94
2020-09-10 00:00:00,230.0,40.0,0.04,16.34
2020-09-10 00:01:00,245.0,35.0,0.04,16.45
2020-09-10 00:02:00,223.0,34.0,0.19,16.79
2020-09-10 00:03:00,238.0,35.0,0.03,18.06
2020-09-10 00:04:00,234.0,36.0,0.18,16.48
2020-09-10 00:05:00,247.0,36.0,0.04,17.93
2020-09-10 00:06:00,202.0,32.0,0.24,17.86
2020-09-10 00:07:00,218.0,34.0,0.04,18.76
