V1,V2,V3,V4
0.27414432018153817,-0.0001227311400237202,0.10913620818618792,0.10988511545535751
0.04087102910374214,0.1797503330753868,0.25525409425562007,-0.06896138819995258
-0.049395502489299865,0.03293197661649018,0.026222017481108945,-0.0030712321609586337
-0.09968206847534851,-0.037316730253978,-0.031718188678663176,-0.025523220397828502
0.060425322477322733,-0.3319407711471931,0.29011811399123943,0.43633695920632337
0.14908110495628127,-0.05564673393212219,0.035337751473822676,0.06321480461433115
-0.04180841671792223,0.10865301604804864,0.09911558487924442,0.03238517290251813
0.010587757609774678,-0.030185697745667237,-0.0555669906358779,1.535299856675141
-0.0030456578841257824,0.17086024727726826,-0.10134780340575966,-0.1865850984160296
0.0008536864168639105,-0.0014493769170001879,0.06564004338244474,0.049398756671072824
0.00035671563435904453,0.19532516530949112,-0.007342161485276165,-0.11553628737033723
0.24919955242356054,-0.052692447338547777,0.06398436240049453,0.1267285812976674
-0.12989074084597857,0.1905398856569454,0.6341241731994114,0.33688390049028855
0.007218778275957582,0.22121929131630524,-0.5664916949513655,-0.5349009239283425
-0.016780109884971358,0.08814635147709694,0.5180516187349101,0.2946511993899076
-0.008804106671235334,-0.28015844172255744,-0.036683771140083685,0.15593449785823293
-0.00027054471604391703,-0.009632560036500745,1.311946648447916,0.9523899875392243
-0.006196231797414675,0.05213908351922428,-0.2060255432065596,-0.22771376340840813
0.00026724121481219005,0.036490084829966775,0.1778490416970202,-0.14456092321138186
-0.00011075094476817174,-0.024526292322659404,0.15031960327418786,0.13348967679513085
0.005386607119954453,1.1665573897429056,0.3653588819779632,-0.44747431512044883
0.011636686140109286,-0.019869988447201475,-0.2673998177629522,-0.40070880810242304
-0.00513041956384227,0.00971768004364831,-0.5147571720711724,-0.3956892100028349
0.0036707486327457704,-0.11617662072747398,0.0027136611206495997,0.13986900667779278
-0.0010343399753008783,-0.0025254992018074623,0.6083537017062004,-0.28174744514055466
-0.05392683502873527,-0.00021041935529868402,-0.0023573373909053313,-0.0016743106927060631
0.016450384919563486,-0.03863325455275707,-0.12066308495880604,-0.05667143778696579
-0.7534397509313246,0.14706902370827077,0.010143946134472451,-0.08219658304080951
0.2106128073653517,-0.5630950779929322,-0.2767581980322365,0.14351451365762244
-0.17014470711191226,0.04281785667178434,0.13540412665993895,0.07463798485799018
0.11402887566779099,-0.30894544832704873,-0.10761354319283727,0.11474027264956525
0.11680728252224873,-0.09910735772863165,0.14943371597504257,0.2574617488328663
0.2631175865493578,-0.07704263159329436,-0.4732625117413894,-1.4969770491669492
-0.10072298807617298,0.09353533097978993,0.19171110253458284,0.07843023341493997
-1.958300144020159,-0.07608475578827621,-0.07449422505503334,-0.013229055915163644
0.5488146228978132,-1.8368560878418787,-1.2625847017890288,0.32246879285511465
-0.14694318702397124,0.41460982682014763,0.0025921512533330082,-0.3924680690546549
0.015866770491073684,0.28254630032864536,-0.016312960727904974,-0.1793350296385254
-0.009323856647400661,0.010704120275791543,0.05310504698437574,-0.21129386820975038
0.0058105854522300104,-0.43496680313449276,-0.0018425236265192388,0.2625556670815775
-0.005235302388498118,-0.018527694632642616,0.004930582607045584,-0.04408789134467746
-0.08570915843641917,-0.1433233990844247,0.14370860694346876,0.19007213209397927
0.024146208371570915,-0.06989599112646441,1.358673420559959,1.6117638016173876
-0.006783816386821671,0.00229655819762729,-0.2598166537527035,-0.18800243359406663
-0.007486737694423734,-0.005895368406618169,-0.004361491036780786,0.00017118807183756136
0.002098697389936254,-0.09835258717547544,-0.004540349115979881,0.056359555868468546
0.00837269990085672,-0.43897272769421486,-0.0020656720306355815,-0.27211665419927616
0.25457971146699426,0.39700015244217657,-0.014953467116829374,-0.1544682561630793
0.007386332435172754,-0.03580658793393807,0.16364950566141903,0.013455977776141048
-0.02417713140823182,-0.06869672797643496,0.006890607263963604,0.04712522327652369
0.14654617814119603,0.5735579814539234,-0.06682140302734445,-0.552263070435052
-0.11849696110659363,-0.3608549446894331,0.09421522433434217,0.34195492914479314
0.08271380851337705,-0.06812499137555608,-0.0775381359891477,-0.2223674509158743
-0.030870453947634123,0.06305089302486648,0.2978547614865828,0.18286138468487015
0.008631754382434177,-0.7421121621772997,-5.441769726083345e-05,0.4428486345692264
-0.002422696497596271,-1.2144671948326808,-0.016736925875603364,0.5716792627774976
0.21914710134609336,-0.001310413928068945,0.13619377200815727,0.0765887854270178
-0.04723845994867861,0.12957760369543972,0.1408716368466851,0.010331168799784034
-0.23170490366079477,0.10739165929184016,-0.025170940801238245,-0.6804510162840167
0.06515945171089713,1.5576962831271266,-0.14861746246684354,-1.0529899142972468
-3.204998910205676,-0.9575057698840295,0.041892048239549486,0.6115281392826353
0.8781071615122263,-2.4212960716461556,-1.8109313865647783,0.17804653268029044
0.4020764900907387,0.4921184912920929,-0.07358091537659339,-0.3511940670134557
-0.22736493755251785,0.2991884206669193,0.30799709509822903,0.1447004320922767
0.06413652696665109,-0.15769966820510595,-0.14659153388718615,-0.000713256048869711
-0.010626101331360334,0.12006977075820714,0.08651362506537627,-0.08996634930585035
-0.9948348723150442,-0.006924388309559976,-0.4404951493184887,-0.31092635741659663
0.28959295849376054,-0.7498473062954246,-0.6411592145133027,-0.00487855119269141
-0.27154695411676544,0.2407320781810705,0.2062635051134591,-0.4076859570135346
0.3385912569428579,-0.23875583165638886,-0.1744267340017971,0.3593602216866255
-0.06672911471375614,0.2932432455917604,0.21767770181773594,-0.020960831744091156
0.02265187448597631,-0.07282780528345234,-0.1082557755696914,-0.033008366942224684
-0.1184725171192155,0.011367924593324545,0.049079881457047905,-0.012789918013817063
0.03433703557368682,0.023469551114090173,-0.08306474708101665,-1.4789312579446798
0.07462033359595821,0.2440010074823028,0.011280178384374163,-0.16263932413874024
-0.0008196773468654578,0.042970093358130956,0.047974441028240535,-1.6470299229612977
-0.004146846086948989,9.159274097558616e-05,-0.0652375620148014,-0.04870413114226199
0.7862231160607015,-0.08474532478890338,0.0593794209351229,0.08729265680181153
-1.0676050388729585,0.5950973951463665,0.48358610988102946,-0.572791787084103
0.2992870073827267,-0.8072456240137477,-0.8357462603982289,-0.10217434086342456
0.047454301075771754,0.30811438019659626,0.18890130945703834,-0.05227713467788873
-0.03428602836330987,0.052813611448399536,-0.07467755634041494,-0.18891681635772056
0.009044607136813822,-0.6241978803906032,-0.3344353897383087,0.3631593560541668
-0.002777948240689345,0.09460998618916226,0.005813816840929009,-0.05380376958646987
-0.04581319727540947,-0.11770441222456697,0.07249845672969149,-0.07922078860644394
0.18837617823279118,-0.04987317580103484,-0.2746393725872984,-0.14620555632689336
-0.20360777045332262,-0.04593017656526466,0.13333699971176935,0.05331747630465726
0.07625843263763579,-0.3093446002158685,-0.17262905704445608,0.3083904787452378
-0.018586670581947656,0.22251617678586097,0.15397987230138943,-0.01800179449915589
-0.1949576979536998,-0.07439571258971606,0.12024406585761341,0.27199125651948575
0.0655420527824336,-0.27864464840497216,-0.13609356875617118,-0.13301970627260323
0.021832643588395404,0.03620364360547281,0.06968209612967162,0.03371034091502845
-0.30908864018796045,0.03221320609547698,0.01426699232128119,-0.01228561199266911
-0.3313151652914692,-0.22736664612603527,-0.2065566529206204,-0.008926460543838376
-0.5030981214181837,-0.24963229070721138,-0.18552943547813425,0.013411348376265522
0.14158884624517254,-0.2733254109306339,-0.3028468020024991,0.8964346241262457
-0.08805364751248176,-0.23023754472386415,-0.12396585825083031,0.1006645993351274
0.02468047725169696,0.015336869581121751,0.03498936422547903,0.015647095339716706
0.14446440645085573,0.03412294975927702,0.015867193563630397,-0.031716902190756846
-0.04944146869962908,0.09864887150863713,0.19610632423300128,0.08067154504620844
-0.06513669493473905,-0.03921350322455639,-0.03191625850442382,-0.006425112733315357
0.026161205927404056,-0.412968549151651,-0.18843073509661307,0.05492480288365284
0.051371272621538795,0.023583625369528252,-0.035537964820711435,-0.9704559818550357
-0.029662906525109306,-0.07079623179071454,0.033026018145602895,0.05027971394931276
0.008640300980636402,0.17959508807127927,-0.021980634470917713,-0.1258459035852749
-0.0008135802892651665,-0.09124359315751229,0.40589313995789045,0.8065178091924277
0.004321041259912635,-0.027531842675473654,0.006797831548216305,0.02156002696757821
0.0034717769717214336,0.008036651941726897,0.002797588636885784,0.06353700403904329
-0.0007678879362786578,0.032565729714731095,0.5964235347524149,0.6621806754938581
-0.10152915835543642,-0.0017250491603836072,0.026520023362681035,-0.05858329900829784
0.31222424748550137,-0.0768331740446281,-0.07070044603764414,-0.06970224829298989
-0.16992950283138805,0.2779393521896232,0.2011024569304818,-0.025182436700660296
0.01712881852255544,-0.12602213421127467,-0.10203965333089134,0.08872959546063551
-1.1529946318110609,0.01266761682011647,-2.302993613274819,-1.747251603705933
0.32307156522309255,-1.129723040850318,-0.7340383497468966,0.16180143124066557
-0.09033946213358227,0.11649076761083599,0.14882186696235072,0.0254875471229389
0.024837221536608105,-0.07520647823221385,-0.04245118651575289,-0.01467927049915281
0.00421369306083459,-0.37630907677634906,-0.5717600838399308,-0.17907428519761232
-0.0012811336775400976,-0.032161669576278515,-0.12238901119442047,-0.0009858418223961107
-0.02577547564349413,-1.3371105969286081,-0.007567874401673493,0.806833461985841
0.01898909577394619,-0.052973204087781334,0.01124515433774751,0.04323079545719672
-0.9328320027517463,-1.731289384345099,0.11848613380296101,1.5205605664033286
0.26137400340833333,-0.6903007868099239,-0.609526270174272,-0.07928257409458987
-0.07028847674962002,-0.019946767530278464,0.16803598876794273,0.2891042875507931
0.022630889173885824,0.008284934327846001,0.15086464728465476,0.105362517229719
-0.014299226917242523,0.019555303918801618,0.07589655769103247,0.0958993024202932
-0.050689268083009345,-0.029587677814321055,0.11223025425862365,0.06491414283309987
0.15445886470213063,0.1559362213459588,0.021193477236682093,-0.4692386244468467
-0.04852731624289572,0.1122585279918301,0.09859960827913371,0.07913007744636553
0.9928466439521413,-0.01586557331188488,-0.04150466778245435,-0.019976140938017046
-0.6266737250584371,0.7592578199611827,0.6428227320979963,0.3653144083568785
1.7899843501677868,-0.4719831752018255,-0.3921711569385704,0.0020728806616912435
-0.5018126666209222,1.2985836125659158,1.1548786216300342,0.035513437317519284
0.16866897111736645,-0.31122787501167987,-0.3139707314036271,-0.4236263512217129
-0.045855938659823355,0.12677131360160246,0.07942152444503371,-0.022474940406928365
0.02339610641230289,0.04422938875209504,0.032260632835594084,-0.0022788664726863164
0.0017724028804588154,1.4581877114752508,0.01468256296047315,-0.87468338275682
-0.00277813766943096,-0.4868510677885766,0.020996740567911495,0.4336611109469365
0.0005377598403817405,-0.0015994791676992672,-0.24762264082077987,0.20417690455879875
-2.1181430068113563,0.04489074409771599,0.012191043879181589,-0.0022640113820364682
0.5937142249107684,-1.7457950112486724,-1.3077156503776408,0.12688112810633936
-0.1717860178979687,0.4470673112171438,1.1926334781872603,0.5887004781275578
0.03976888624585105,0.8136892091161321,-0.1115364202327204,-0.5717286923101242
-0.011184954343535374,0.02654032780330675,0.03952812410461718,-0.11751253628085462
0.06509920409933279,0.019853788092656668,-0.10690262603003034,0.6482583650241474
0.02577130533549086,0.11393462666713164,0.11531673012741887,0.13554255330501636
-0.02294411341171495,0.0466519745532243,-0.0725695909916539,-0.08564332703812723
0.007145877912011363,0.003951977738118229,0.0677994089218312,0.02944631997130197
0.06778404800359666,0.025954411869129786,0.11603021251367021,0.09325499823556296
-0.025153428420800206,-0.12663845948010977,0.04357768066362538,0.15379700276475303
0.0072365632128335656,-0.1596298307333766,-0.0501191112471273,0.06355681373206806
-0.00203187374644116,-0.007683405231576077,0.014179478303428942,0.0246945708518486
0.2543721372822031,0.1130418572040251,0.07107327609934823,-0.09661730539089908
-0.07114712530209079,0.14592074530219554,0.15913656556538353,0.012851228324477661
0.02002643148455719,-0.05366384542298487,-0.010764278738149217,-0.562901007301024
-0.004533248610571384,-0.13826051318999183,0.029808676311251458,0.0856226864413204
-0.08350207620821383,0.9147723253218015,-0.0069192775734994005,-0.525704020095743
0.034628450494897135,-0.06566885687342086,0.018376460912639628,0.0530071350253401
-0.008898822095556562,0.02580563727063854,-0.16441052002754106,-0.13012948963373824
0.37075622077642373,0.00794585775245149,-0.06276260876159555,-0.052399735338918375
-0.10393477898559922,0.22636103583511308,0.21246154910038512,0.4177683384072328
-0.01572184197817074,0.12450527078506471,-0.06820941869202558,0.031208704609098664
0.1912395852095583,-0.011572133664671417,-0.07555438427426962,-0.1886105840063138
-0.05347281326336397,0.12579614000815478,0.16337794590242635,0.026425717285536603
0.015341194739230018,-0.00128324668307956,-0.03321287343105305,-0.022944629582248202
-0.6550387752886424,-0.3672614200009205,0.036083906341119736,0.25143000875151983
0.3633952349588457,-1.6551457436688408,-0.4231853347133673,1.7134823400656263
-0.10422363655090408,0.2745602733013083,0.9287600254547181,-0.21420619949506375
0.029234086897595876,1.692018696852642,-0.066901563104487,-1.2428932045674632
-0.3805367971694225,0.18136033630264953,0.3224808533836417,0.12296829485466014
0.1066637141875229,-0.4197701576229803,-0.27281809818388325,0.017252069763629467
-0.014500745137509428,0.6328047145754957,0.07504527398896985,-0.3365531232686224
-0.03252560158140228,-0.4259110687816844,-0.010526049096045887,-1.1703312343893044
0.00912448249148706,-0.02503059573429124,-0.9767094648496766,-0.6813230124750563
-0.013322915241096172,-0.9332815436978501,-0.020758194661665196,0.839254047183171
-1.826128032682876,0.0034493247222832438,0.374494220244355,0.4636801768802532
0.5180550675762164,-1.4082227904521423,-1.1987276529439883,-0.15963778080775104
-0.12595435285068346,1.2700012534961647,1.0848995205035028,0.004018461234149201
1.095675262349593,-0.169855978239587,-0.0810292974906973,0.04532896188734891
-0.30671337661390985,0.8740858129910454,0.7140789069369515,-0.02127322192117878
0.01919268159679796,-0.3306866955582347,-0.14006035341302062,0.085157659880926
1.249370578288063e-05,-0.32626782037802166,0.007381326135116538,0.034463019975200126
4.0953504141932863e-05,0.04993716717914714,0.12456684498275707,0.05859246525601514
0.032223884721556094,0.00013155647084471542,-0.08132436139284092,-0.08331720695585974
-0.02513045966235394,-0.5369108962807627,-0.3969730948640258,0.04303389264919701
-0.0011342585093642174,-0.020079993886664333,-0.05852441220306352,-0.09888584247862445
0.00035550752233065835,-0.00732398553120571,-0.0007447756063897353,0.004098797832135017
0.06855322772160775,0.006638215076954076,-0.11432970718520713,0.027394463593411966
-0.4758381041737259,0.052162733488982045,-0.23571969161396378,-0.20297496711580773
0.13839375946444954,-0.41804836228488956,-0.2942515499573881,-0.24490329187338902
-0.037928353265822994,0.1040393384001499,0.4275047278589587,0.1994409903367004
0.17358392219432417,-0.02865413911405269,-0.053843697052074584,-0.21857048938616075
-0.05339522611013798,0.13117897526925068,-0.17292926553998267,-0.13825221295720452
0.00983900876961618,0.17577656724202975,-0.033861073188317714,-0.11598890153922006
0.009003408246229304,0.0067732530184506845,0.008198973379328574,-0.2158785377382394
-0.0025084821632046527,-0.8802155106309459,0.033167654080842116,0.5525536843321566
-0.012603046012967961,-0.040077077849472266,0.16656182465419725,0.14309442752520327
-0.04468443225763658,-0.009333274952672095,-0.05542216959081003,-0.16772415936046725
-0.12106438690965209,-0.06403516513684987,-0.028730570743599464,0.01631204762611454
0.034026067562006594,-0.0678935676415553,-0.07703271462701135,-0.04616256068560336
0.055430122125722986,0.026011702471875443,0.022137898082708295,-0.0012146409623353537
-0.09459460113212435,0.04162459477287313,-0.4924542449254764,-0.8433085213060647
0.01690390951769216,0.16611953461796602,-0.32244122218909105,0.5040015644217024
-0.06803728929183622,0.01160839502980558,0.02100026782412487,-0.05500881841401952
0.04361127190450752,0.14199467702318444,-0.19374461165504592,-0.21405802322940293
-0.012132580228879856,-0.11335217311375048,0.24082743241304827,0.16692090008020127
0.010245337585908277,0.028374493884479855,0.05945571918108475,0.014992448330518991
0.12188384225165022,-0.008061766073285117,0.005874507714324629,0.3744223028073604
-0.04532733318850641,0.0919340898814645,0.07825125629261291,0.07494456739258748
0.012389659521963378,-0.034137435235612294,0.14326256010496874,0.11098994083331185
0.19181148635806672,0.051459947168904153,0.06238057964119331,-0.44291972914055777
-0.09310094155337653,0.14522037155145076,0.13607126678323023,0.00890591496692438
0.025653395203160873,-0.07493075353346017,-0.05978528327072091,0.03032578528124387
0.45611255504498616,0.019374445290466964,-0.05921992173423864,-0.06567054372027101
-0.25229912222978584,0.3149630217427233,0.6612035410254073,0.2781502654870191
0.09774251944727597,-0.20088853881204682,-0.16223307082539778,0.006328601018725414
-0.027396617015108347,0.13212950640690624,-0.07273242008492456,-0.13198982688739389
0.5647894332647575,-0.020647345763003765,0.18745428616017681,0.3475882332246779
-0.16115541952838341,0.061194743452501255,0.4149666677038524,0.28480586239398953
0.2746769509712891,-0.06485478786929093,-0.09265463303558638,0.6619895077858301
-0.07566164091783463,-0.08288681660382868,-2.6424366961934167,-1.9556077687672249
0.02555983253565612,0.04105048314473406,-0.06009413192892299,-0.11451799045354079
-0.007164510516615105,0.1170513417017347,-0.016771179126660846,-0.33946951901498557
0.007874282996683779,-0.5459647515480431,-0.016811405513816716,0.32023048079977023
0.23749953460645085,0.020332409686169048,0.005498542020337959,-0.008232989410892433
-0.06665973086517554,0.05120533724648127,0.6151455882756478,0.32033334603442465
0.0195998390671464,-0.022066103871829276,0.01577295363451623,0.032555756341046516
-0.000834902105597668,-0.009695943675046267,0.015881858629979113,0.016704725279149384
0.9936862209084115,0.4874236726335314,-0.00030389582118758147,0.44806375542017435
-0.16008578543755353,0.7540446166238395,0.6388277783519007,0.9924769879379023
-0.820916245879397,-0.1233742070026931,0.44619975863748845,-0.263417733780688
0.2346236832234687,-0.6193460065936894,-0.5237906640931389,0.14443056426619372
-0.10711231166449532,-0.026944044537583978,0.15195738636398204,0.16898230282281745
0.035447828531889936,-0.0007633901006267596,-0.06756600496903514,0.025007905894280293
-0.009887234995219816,0.10755623422883549,0.28004059388088803,0.13411623653693827
0.002773273322561614,0.20593486319204599,-0.010444315837005788,0.023963110317114816
0.06792848121459237,0.04201802764397488,-0.09217722247979976,0.10232872365931928
0.03905991810427508,0.052698356293340215,-0.037779747864784094,-0.059179934141890676
-0.29835488929600956,0.6722526732843906,-0.05591204159546791,-0.44880724703280495
0.07171121017337456,-0.14992398188004608,0.017338238442644288,0.1087021715373254
-0.03195019875823425,0.015592031871358464,0.0412844489478035,0.2592704642139657
-0.19635449752475148,-0.06516177584292962,-0.018552614369842367,0.05042318788763221
0.020952009873282586,-0.15416078855536974,-0.1227614085314224,-0.6763117899252623
-0.5354029177635339,0.015832435311716214,0.013470588246645812,2.5290961835604012e-05
0.1619540515881316,-0.6715311433286784,-0.3858238565469818,0.1750452699569074
-0.04728913164895798,0.1336767108348962,-0.63555601600963,-0.6369601519104069
0.22793324765622172,-0.1253150419896398,-0.030388761446655498,-0.0700689972765318
-0.008425634031094281,0.42853558023891103,0.14137901574673145,-0.15969233710655806
0.06614690962712619,-0.19652571530493657,0.2158559612840063,-0.3626811690981018
-0.015413231251232696,0.05157583089929188,0.0870178740878349,0.022360481342093647
-0.00046394225797236153,-0.011656724388249424,-0.288023135340764,-0.19404779985073164
0.30155466744126513,-1.3088023243712152e-05,-0.07342360091920533,-0.09618334985709545
-0.07769242192433543,0.05042643504997074,0.3455444006769174,0.31196552989564763
0.06662501514278577,-0.5489727401874673,-0.05008224957180841,0.30982839303326337
-0.36411524021139935,-0.003004237570088955,0.301163479279638,0.21568989597761032
0.11327292104446594,-0.2953270762700317,-0.23174351639298632,0.02820469085651016
-0.05154757599862842,-0.145083861463851,0.16255336498220746,0.8296448133913648
0.047422674371292085,0.10133779506634343,0.6369915108975027,0.28202525054839583
-3.1668305585475385,0.03273529405036976,0.08172345713357584,0.03877573010297569
1.064140283147357,-2.1050968050753904,-1.9605572194981127,-0.12518320936914867
-0.30331982200622526,0.8485176877022073,0.6657731658260089,-0.04018849403695204
0.08566514068773638,-0.010239593359916754,-0.18215950740704823,-0.12698229704279046
-0.023988048937598348,0.08636932928849117,0.08837845302852262,0.10642316973374932
0.006701168990015728,-0.1840531050796062,0.003555540219995922,0.12554357286548443
0.0025148506201270737,0.012939277293773317,0.19516851824607354,0.317995123739028
-0.13435654026056026,-0.002273243593440511,0.0016167452819398852,0.03135771128218276
0.037825470428389525,-0.1015700710791468,-0.09444349662004925,0.29703075881200064
-0.029332622749649012,0.028453140311038065,0.2063610284810532,0.44995670261279325
0.21515109420769865,-0.42955788530316885,-0.3320783478292814,0.029533486704339078
-0.06003272235570779,0.15640255925359556,0.1304578663333596,0.04394696889347213
0.023185972524685496,-0.045724295259581826,0.31674561757809205,0.20496705218024203
-0.11260260255802435,-0.009999690021598302,-0.04317082499212965,-0.024718214692846883
-0.09162991136278659,0.7222076516094555,-1.066242189075778,-1.198935723402272
0.08432859719454847,-0.05778716281243221,-0.08150356666475192,-0.7039991561259711
0.0404284460270843,0.06370870091691036,0.5276173552634872,0.34099684622956644
-0.013104147282392092,0.03053790228863825,0.02473833944110979,0.0004514227687286549
-0.0688858684428543,0.006092286015130607,-0.9861477074349133,-0.986080789033495
0.022243073508490932,-0.09523323079054585,-0.05869202144380592,-0.4964423549080958
-0.1406100517428095,0.013208284960874776,0.016250936460045853,-0.0881807568825884
0.039418461673001996,-0.06913400020326493,-0.08114867369713644,-0.01599758709022002
-0.05600457448535156,0.16369668441614793,-0.08586241780651842,-0.1659058863353484
-0.005418643745625486,-0.4941215560195779,0.26495895219704796,0.4890321426977289
-0.3407682249734328,-0.5165080821495445,0.04785033114849335,0.2510959522436641
0.09556557310501848,0.18989192830960505,-0.20659381660294135,-0.2591073798626761
-0.01708051864186255,0.06872387176270663,-0.07566242169367252,-0.5517503404132048
0.00708416746234489,-0.11289219664623791,-0.1376901130806103,-0.06389065066506597
0.37863394549489116,0.003752029862311927,0.033563678930333865,0.13199019948484203
-0.10628983369226333,0.4045992054894697,0.2542762737274174,-0.07637223716450091
0.027390341888199797,-0.08029785712095684,-0.34891528786781945,-0.20185666925095008
-0.00762452259489146,-0.6125486797045789,0.017610527390499942,0.3418031921294673
0.002864629527039063,0.5539406542966366,-0.004846319866185843,-0.1908554294956614
-0.10544872888446667,-0.09306213850731516,1.1767790887846452,1.634212061868113
0.030442756903667028,-0.07724027556338899,-0.09704247941959045,-0.3218653845368464
1.0477282373761814,0.7165086895855964,0.0200377625173664,-0.43307310203626376
-0.29581993775558657,0.7920815437028279,0.5066807577249016,-0.07056060288281202
0.06118518512153655,-0.2395228157143993,-0.24440959367761533,-0.8410127957603553
0.025094356340106365,0.038965641693133615,0.1449843066284391,0.17279381873823263
-0.009881922088001439,0.7783507626564922,0.016133275144834182,-0.6503547052468994
0.013039673598391368,0.05085275647187501,0.07493600612594836,0.326848229247808
-0.24759297622658843,-0.07438593616504484,0.014880960140879126,0.0401766619196385
0.49510124823272456,-0.5959290985060579,-0.15493285520130953,0.2508374442368431
-0.8501930419805804,0.3734889286317349,0.09900324564701085,-0.15410564208444769
0.3303016243762587,-1.0303372011249716,-0.533154364374571,0.24544845235538484
-0.2687007233722023,0.3966095979062816,0.17377752438852972,-0.1140402828599163
0.11965732449903971,-0.20292371776652043,0.43263741851179494,0.45138001735322164
-0.05046458717895169,0.09040095209399433,0.07701353159674049,0.0008273797325612741
0.014338320177785361,-0.037650688502035096,-0.21284948231687004,-0.22034543142988222
-0.11563873806469366,-0.7246262689474996,0.021374276353819652,0.37125529265849805
0.04000960535423231,-0.12932533014946174,-0.019240540629406236,0.06479409320127583
0.030515137840720845,0.03238953450816439,0.02023403687632443,-0.007955408591279398
-0.032401050142234114,0.023389386415791216,-1.347030422843427,-0.8739634053980802
0.36114884561807764,-0.02444555437254168,-0.1107768153961102,0.07396784484557399
-0.15363297213975652,0.2728559702098551,0.23125026371469368,0.013715208791212359
-0.04745429546622605,-0.11604659819414281,-0.09740831191681196,0.06303239736057867
0.013396242335112923,0.07990355497455973,-0.2099994079588492,-0.20391996135930718
-0.04937393840550149,0.1843753776178134,-0.5140683875773304,-0.5931929573220953
-0.010439073396687574,0.19078392358904256,-0.04225434665045396,-0.15827325549790291
0.0028185201460499236,0.11532725143002653,0.002717360190851524,-0.40518037500351856
-0.04682920780899649,0.005701813704500283,0.015636832328110778,0.033742819453882564
-0.1333833536104238,-0.030477939309952694,-0.17664229396293202,-0.10754023178906824
0.04414781426140291,-0.1479619314911137,-0.082850038913063,0.03543224617490239
-0.009967609311799864,0.14884225072256388,0.028401375053291104,-0.07109045287800772
-0.5626857954584411,-0.00821743844780329,-0.005750892225136648,0.0008859434580550607
-0.343166675768275,-0.4008133278538646,-0.3015128905915177,0.10650883876029749
0.015394043424851789,-0.25926332352623893,-0.2115200267799724,-0.15435111310839394
-0.0043742923266801076,-1.0086707568173627,0.19142513485949547,0.7786056793127114
-0.21358368294463276,-3.9526119310423273,0.7916452373698478,2.9640024738124056
0.21511978525832803,-0.1609918494153951,-0.09576298587564006,0.13261566656677654
-0.6273431260958023,-0.1620163362016165,-0.18188686440540536,-0.05764042286391574
-0.1711345989630812,-0.4718814968677886,-0.5603461027251426,-1.1504259423516947
0.038411539050218574,-0.12925438851520452,-0.1547746950260401,-0.027219427536824325
-0.0002458910590072607,0.02862609521763493,0.9873547971109672,0.678977716493878
-3.6592529118248366e-05,-1.87996641726377,0.0004862139528291329,1.3677259802612627
1.0256869584374844e-05,-0.007748920886987829,4.1463266471923e-05,-0.0019032380666177979
0.014457683537310972,0.3702875034344446,0.05464055975707867,-0.18577881127626678
-0.025937772495006714,0.017551460943827823,0.08477606430191699,0.050725208826346624
-0.426453450492316,-0.019811023639407548,-0.009572720293194927,0.1318931091610352
0.1140242378643799,-0.25586561265759744,-0.2655843132459185,-0.03414597904976843
-0.03490567023065879,0.16936912531376308,0.10539004252548001,0.21373382405300287
0.010149351977668258,-0.0721189295599703,-0.022388765853097493,0.026851849941408736
-0.12212431162716048,0.006976689571595328,0.10009332880190681,0.06789529938211618
0.009438593987001476,-0.11901495561803124,-0.06536709165321436,0.02754030901152663
-0.002640050536136063,0.46872239340107874,-0.7907850968680693,-0.8933607414900928
0.0007400033879677176,0.0648933697405845,0.001051994968701999,0.01955626883586272
-0.045839156530449135,0.38116271873451957,-0.34972697441964723,-0.5218610988608838
0.975313877555029,-0.06100698051831973,0.34799404564047387,-0.5182114926690555
-0.35376826418494595,0.7406491763394355,0.6497894614154245,0.015230333084153714
1.1138644297727596,-0.2502300035459646,-0.22748203114554783,-0.01938386061590017
-0.29169352204838495,0.7444844236712187,0.7160670759459113,0.017278329613202095
-0.035266432274138754,-0.46393581788815164,-0.137927220149467,0.18412656169866734
0.05136030602484021,-0.025572481340432943,-0.18749437530358157,-0.11840548032120601
-0.01445785423243964,-0.05074264180504332,0.0012646142245530123,0.03317995169473562
0.3845171927143474,-0.1210587000609392,0.09882169964216315,0.13522642757182585
-0.1288117224610628,0.28073505530755,0.5539498220384692,-0.004851092314685779
0.09998525563270158,-0.0973189532722789,-0.24425337613887566,-0.033989461573054214
-0.05558010571815112,0.08612185177779952,0.06979700053676978,-0.10500630129082947
0.0045728197351408255,-0.04228412846537914,-0.035729861576981124,0.00016703537780304994
0.8436301769715548,-0.15427256460758634,-0.0004544615254266737,0.095599284627474
-0.1769358547447321,0.6103862997423701,0.5423241646936516,0.013763714545715407
0.04924765965797435,-0.8675445762324764,-0.2332436544447387,0.2852050452874297
-0.004894375768883852,0.12968107630783812,0.02146203532194846,-0.3499769770857947
-3.2370336432970557e-05,0.2578555566084868,0.1188096496635354,-0.10645312163433115
-0.015287419297299583,-2.4817863357277,0.008725580255159085,1.5374669590276224
-0.34884856867280334,-0.1099325188612803,-0.01063062020436614,0.05808925658087385
0.09569541371883286,-0.29417850519986316,-0.22679444183622868,0.01909834102129865
-0.027074690816555003,0.082114638036979,-0.6900991665356634,-1.2543333395819594
0.26288143549739207,-0.8569130880046543,0.3394457781251912,0.7618424571328543
0.01888617423298171,0.006461990139002061,0.2084704630183605,-0.2704909490411928
0.053072677684692794,0.02170635721831066,-0.2984677575474986,0.34430530395509196
-0.01240300018536209,-0.036238837349255267,0.034120802679464976,-0.03638319633013962
0.004837016737739292,-0.009984899073391573,-0.010596336822416938,-0.0009706173005040089
-0.0013415302053053394,0.0036013686999695023,-0.013148425418254383,0.10001444196612337
-0.2703223367697713,0.31930171835130666,-0.04389002722350485,-1.015370684115153
0.052570061571964324,-0.20396996546908466,-0.17489614137918327,-0.004032727940173584
-0.015252834749246418,0.2940760139339292,-0.10069910250162314,-0.25410145889165925
-0.5677028307933664,0.23566016822065827,0.016764421258450853,-0.10213418460260326
-1.1384011700533117,-0.27411801404697655,-0.1896365906165206,0.04130863757740083
0.26825273288186147,-0.8571552659129432,-0.7317279439481793,-0.23333505734787505
0.0417148538205538,0.18411192036300839,0.16733822172563328,0.007702420956687614
-0.011944800291050335,-0.29848515393684266,0.903311085920512,1.6067828805091624
-0.018217058200928338,-0.1748473845801067,-0.3996720095069034,-0.1373582955294863
-0.024561397655995375,-0.013802164846903947,0.2107826896107359,-0.05728198280845087
0.03307103326269435,0.00746050598782564,0.012163937442650194,0.6984090524890815
-0.05601742889855532,0.03661711889871536,-0.01603749033840169,-0.035144544672471134
0.11246214225007282,-0.041312269341625,0.21554826199580343,0.15211758330596817
-0.03136279774983305,-0.03169183581014946,0.17716397748325857,0.14998971883590467
0.015400245136040354,-0.023732282143124728,-0.10922722748814218,-0.06326710567522884
-0.47354490468780375,0.03021550240329122,-0.3816741282458659,-0.41115591043217553
0.1326866008092217,-0.34499401622410625,-0.30443253476849214,-1.3575511489470453
-0.0585985987332628,0.18191686521410771,0.08670471900519922,1.3274238047360036
-0.03765005502101572,-0.4959490435273893,0.06680845707788235,0.3458448417130123
0.12683479365734945,-0.021539633572988767,-0.02488728646385682,-0.004698010012698771
0.13661002962532726,0.0958191190610654,0.0821914420844154,0.0004598249303703442
-0.5077664847019158,0.041136203759758565,0.9018243917653208,1.0435566392122917
0.14434902248675704,1.1807759419161037,-0.30051512849638046,-0.8464206803279232
-0.040461187152247106,0.0315147575248543,0.5500167596213336,-0.315200268604773
0.06690595121669199,-0.015515726194937412,0.25483668855810876,0.2421916252899194
-2.341738099115596,-0.22393332633845198,0.04662428031575233,0.15631658787272568
0.646419961068722,-1.8156150849353205,-1.5054109223972547,0.028292748843473724
-0.19975072133191166,0.38401540169803267,0.44110104498631864,0.01779398478735225
0.060483932558505614,0.16611673900008564,0.005475131546845147,-0.0268384433473174
-0.06613130520573565,0.04566486555669978,0.5322421923721778,0.35253504055819324
2.201185457846345,0.17482909416931422,-0.3984784729101849,-0.3912535760846106
-0.6173332721495411,1.6727316098586524,1.361396106131917,-0.07338547342283402
0.35276150227285064,-1.2271778182563724,-0.45602532333961393,0.42004832044160667
-0.0837331604218736,1.1438836303558477,0.25546951067503937,-0.4612429375876223
-0.12379090377524757,-0.062209065255559554,-0.07829324749151648,-0.0227537165318659
0.04672140706160387,-0.08571067649986773,-0.063517751430686,-0.11857792175264811
-0.01289717567122697,0.007139209461159486,0.040939563365845213,0.02495406215377632
0.0046312515925918995,-3.091015909941969,0.018978187854230447,1.8806449205049294
-1.010734353222447,0.00353135720272498,-0.05510086863355386,-0.04145032584000819
0.2812456869540009,-0.8162197426237623,-0.6498057794453984,0.41304682119383995
-0.17182447705835951,0.18476950267598488,0.52917097798679,0.2645856536113498
0.08094180607861401,-0.1282065854409592,-0.10929625654461063,-0.08886635185702756
-0.023143380758548503,0.07733967076382481,0.05343551225838339,-0.008855016994191235
0.006198478095342039,0.40370854788656924,0.3366555568281841,-0.0036347601822183297
0.427869905796562,0.00468831596510895,-3.385894427703748,-2.7193019811378725
-0.083769497745046,0.3233859893110114,0.3100495114435225,0.02378211087759586
-0.12035856518274063,-0.43712081361172184,0.3910690525620536,0.6367813527344177
0.064694797177161,-0.14889940466465737,-0.012558538429295704,0.07310504577280738
-0.016909052350013935,0.16043801649221462,0.04608745029087688,-0.06447334000057724
-0.3903405182683303,-0.12030617371316144,0.090384063632953,0.2251693763298048
0.09533873402199564,-0.5620936534398504,-0.398328808183195,0.031173806671598806
-0.04508431456588663,0.12976222526755207,-0.16455286454863544,-0.20203529753899016
-0.030262649552496787,-0.067208319460851,-0.38525576497396036,-0.2100666603662281
-0.009222943035842222,-0.041795293004193185,-0.1268063605961983,-0.07616998382340463
-0.010755030505510393,-0.21502969086387555,-0.0059294898072023445,0.13245802310870883
-0.026713991652510368,-0.0785149848382241,-0.12028052943446847,-0.8424835664381036
-0.008405886343678434,0.11725060080866619,-0.019672063604731345,0.5630802084250628
0.002304657405792249,-0.19024415562801228,0.02725948406338311,0.03085377654092447
0.053583157478621427,0.1844346144583328,-0.4658457954932695,-0.9066699530286194
-0.9049656991018072,0.017148923957797546,0.035162104850690934,-1.4806455050308513
0.2533921857466981,-0.6747816987407194,-0.5817452483375105,0.006942038706208485
-0.21344858446984613,0.1828514787427522,0.16290712888812908,-0.049604288022055444
-0.033231658496880076,-0.161238234658859,-0.12577207242793445,0.03953496697145015
-0.7419662587417534,-0.03797093605150237,-0.16029046933846408,-0.050563329161606226
0.1847887483095489,-0.4981129147777743,-0.670229947141987,-0.19872329566340727
0.09658328633984928,0.1397011218791976,0.12299243150228374,0.003214573703137095
0.08444118838643841,0.0729663510466186,0.12605932816255028,-0.2699373768504475
-0.03787883730162864,0.05908011365527381,0.05420875550616169,0.03503787015384858
0.010243257538142075,-0.0006846866443555553,0.04519574404359118,0.10059458183785322
0.27318291674705447,-0.005982838703519556,-0.10849756774462986,0.1156616725862766
-0.07295301127975276,0.26078526381236794,0.07946669692226788,-0.1543298225050484
0.0265727680025492,1.0567115250366794,-0.16834661182336563,-2.116782090094685
-0.007445555360993758,0.025341770706542904,0.45205321093984624,0.30705254183130504
1.3254799984083006,-0.6235414252654863,0.3646538308576332,0.6335289242293118
-0.4538475123803521,1.0065753685200205,0.933725433688171,-0.06288410517381249
-0.32360368376321197,-2.5463624547716472,-0.29512224820438543,1.3244773279332012
0.0992600319134284,-0.010384814579780688,-0.2079592749046833,-0.08345095981055417
0.10473732351048286,0.04221122152793526,0.2792235657373555,0.26391742321731987
-0.07727356024984114,-0.0297056100902323,0.07263598776356453,0.06988038258089277
0.28895227807085516,-0.05827803443628028,-0.0520327045820434,-0.0003357060223537927
-0.14687991631873193,0.17995528354814783,0.19667447262903034,0.0971403391717152
0.04185417766524044,-1.3925933767661605,0.2744148491712399,1.1441163029553707
-0.01805057782154099,-0.03377760613355426,0.02647620243313696,0.006275208047305726
-0.10491919680436909,0.048583181994959666,0.6124185194599421,0.29929707008901324
0.028258829518904516,0.052507156154264656,-0.1131155271364288,-0.1015286865971021
-0.4090856007353593,0.12220325277286521,0.022558381781921502,-1.4342919646118168
0.18081220119706184,-0.30900175061062896,-0.20233326416486377,0.043236600611125386
-0.039732417705809764,0.20248034108815005,0.1301795252928297,0.009064043696117956
0.05335157235205998,-0.030046512398639768,-0.09586781390561208,-0.03817581164504302
0.03985135685724222,-0.03580625945953779,2.940121275328377,2.120131541751478
-0.4442658926087988,0.024037841710755625,-0.5897646539906257,-0.4772620413152363
-0.008564560266181603,0.4266190020387974,-0.2906199360131848,-0.46602710958706284
0.0038824148918435372,-0.0025937934187252034,-0.088481598113725,-0.05444730647558963
-0.018414951011946155,0.10339619454179018,0.02946560668737652,-0.01995740106710593
-0.0012987772517848422,-0.024518190929926575,-0.013843539732334861,0.004912020936416763
0.00023263614890789249,0.0025403961983515933,-0.40580091370200694,-0.16851795089351262
-0.057386886251770235,-0.07200693624758323,-0.005381971435416433,0.7492168862635343
0.029915265693257833,-0.04335434150220465,-0.04201103578940173,0.017145099246942425
-0.04553485903703883,0.2671620809628907,0.14498006404552613,-0.5764901249005306
-0.013325275108444633,0.0609489813109379,0.04716352729037855,0.00015920097814296373
-0.0234768711902867,-0.004763356225343812,-0.014544495499033585,0.008432959666117588
0.19350912524347022,-0.007622717774856503,-0.01629199109801379,-0.006061056500795201
-0.05408166250590069,0.23327444891284194,-0.18785894826696564,-0.3641561228504262
0.056257450378275085,-0.2954623672098676,-0.05007088200977766,0.15689024516908578
-0.01841465292887111,0.416423462174705,0.2295094426385663,-0.07369526420079026
-0.04563318639921858,-0.007430883951602515,0.14086086685176097,0.11079465521333727
0.24485511385686728,-0.37459999443521586,0.012090121732633533,0.24014196685793077
-0.2526046478040401,0.520472899316227,0.30050297529803477,1.5552960151993482
0.11271951873289582,-0.19207757302694983,-0.08396773756203742,0.05344163171996043
-0.03158249423116644,0.08506248457584033,0.07896212297351891,-1.591071562230764
0.0066802093411199685,-0.096954642217498,0.03403350037681054,0.002710906770711466
-0.26416780214115576,0.0017386130124715901,-0.0976534309988965,-0.04583585602595188
0.33454507572006265,-0.3477226138757481,-0.16985019756875294,0.05186510364189817
-0.0933365096353875,-0.07590375883377676,0.1774614180920076,-0.2847385273236176
0.3264934942755085,-0.15705652322220032,0.1711105601766653,0.1397198774946672
-0.0947699621913162,0.2522215310845065,0.2113580400423469,-0.0020363340392127232
0.02961610639409415,-0.1832177103085511,-0.39096829688932383,-0.21273010936698533
0.060614352965530194,0.04196571207031073,0.012388844889099908,-0.01704379426177462
0.3881590978551721,0.0440715542093956,0.024275690220852693,0.19594109637007795
1.008055952378613,0.29374712470742464,0.11490144331537694,-0.11153456079278024
-0.2863901019203764,0.8344481087107906,0.9923226326519731,-0.04816099474029689
0.07315252932588294,-0.21634949687438376,-0.16795071715543178,0.32619358974248475
0.26422166672143466,0.2010434701114832,0.06640333148236371,0.007674919583154846
0.2774691786816199,0.27373658105088877,0.12621813865047848,-0.08245675030490038
-0.26231725690505714,0.21352550865889616,0.19347313059693036,0.3498160603628389
0.1359781292521107,-0.20312156154227323,-0.3638046935895475,-0.1362750149263035
-0.021197367498973507,0.015470464171762052,0.0731715292004712,-0.7011306416168254
0.008820532725536324,0.568336882386539,0.24870101259977093,-0.1938814108047768
-0.0024722584840813863,0.006797191675817795,-0.0029516440160402757,0.00780203674040195
0.5547622424185866,0.16936230110208728,0.3464090241245527,0.15459806910098386
-0.13384142842925317,0.4190904277010834,0.3565173732495414,0.01760468579748528
-0.4131205369448355,-0.09743172664465945,-0.08600005265836154,-0.0037108105972282978
0.38113755909544483,-0.3120134345614264,-0.2676639456843746,0.07569868154558926
-0.3136002616403,0.5487319803170794,0.2649977547042551,-0.8948697750156018
0.09195524216138663,-0.2356478933024284,-0.21733404828092767,-0.2474267529196688
0.010864930679646261,0.15519882716190975,0.044354789401687834,-0.05865626528450493
-0.001699589674015861,0.3412015322819249,0.004512421741086653,-0.20266057010012276
-0.7378678191054125,-0.13925302860110167,-0.029041288922590155,0.07652909247650619
0.30348308489649545,-0.3550688464332542,-0.4649208452446745,-0.10905536061833951
-0.08630004900243549,0.018320520819866182,0.2420714185547478,0.1611830442815125
0.06736462049427189,0.07994081452830994,-0.055810475402061875,-0.09707187244183502
0.1073006946778774,0.05081495399251373,0.006221439734811318,-0.02313473158009964
-0.04101132162067589,0.1888050783588766,0.12826436540553676,-1.4406864674594542
-0.25542116749492877,-0.06956359573859658,-0.02643830151806336,0.02329817232696925
0.07158514443845988,-0.3865790393318568,-0.16289143924327162,0.12428166964433912
-0.00937872239798763,0.060418223914123256,0.08824623433221274,0.04812484370274213
-0.025570837983554483,-0.3176181576496581,0.10770553943149982,0.4561848847146227
0.15443488501447167,-0.04971767055889913,-0.05565992832779066,-0.23610990322054187
-0.08169564485737155,0.11645119111561274,0.10717828790544222,0.11857095847006173
-0.14336288272479375,-0.0323454858856781,-0.05250501545974683,0.10692531554607959
0.03990959459324643,-0.0723434091525241,-0.1060436229217654,-0.036528240743659554
0.013120314091662798,0.053210094131350846,-0.020617391654090805,-0.17216474788766042
-0.04644482890855957,-0.09733888831641754,0.2897442939071661,0.2716104219075772
0.06562455485677304,-0.03261331095367163,-0.029844522081399674,0.00011638287639227987
0.08454901996761825,-0.07150154863476506,0.04448562821650316,0.01715309517938636
-0.030670829875915906,0.05717292774304105,0.29559551013644003,0.17298146083317084
0.03515085630889382,-0.021690860749001818,-0.08896736265897248,0.04165633257872271
-0.00990980494591406,0.003401497604906902,-0.24334778307305358,-0.42136464589192224
0.012272354652590172,-0.1418387614409032,-0.300488760250017,-0.12722010207216228
-0.07027044505655293,0.09181926523091888,0.16465591785517658,0.038446159954626476
0.018437171094636006,-0.05981108447956168,-0.045438870886608224,0.08056686050301184
-0.0077191751812615535,-0.3992754318234545,0.012945604461580126,0.48490800704822645
-0.13461345945206385,0.010057397092935374,0.49647354550951395,0.352558381731203
0.1999044476903603,-0.10308762971359431,-0.05479833064252746,0.02349508556936561
0.06956640262827417,0.1511191824923617,0.4030151470845774,0.4664059350328704
0.002732877149887094,0.05198829957215936,0.10017077867556018,-0.4754638161595488
0.19625103698024468,-0.13088710425935352,-0.009447844957245146,-0.33418695908186247
-0.4031026508843761,0.14559856178544664,0.0424177019908033,-0.0516503032720937
0.0790021773629344,-0.30662811052004,-0.259156565617233,-0.06989718870167021
1.3617790674044046,-0.030548565947633638,0.0064997140474222295,-0.09547884344651333
-0.3817027797006711,1.1059176179766408,0.7702504300654862,-0.5667117032773319
0.10206637907933658,-0.17154013135828206,-0.23868873391077577,-0.017896315480542477
-0.0015101968691031281,0.31832024236394096,0.12475458671242114,0.42834893565956006
0.06097710178453841,0.004501186668679723,-0.004718089665724811,-0.35037712347466776
-0.014650551608779074,1.0163090713163072,0.027712374666997747,-0.5992446080017289
0.09695832409566815,-0.01118426367034404,0.7091268663021562,0.5095219186831169
0.0011879427607214658,0.07324822255772927,0.06195331983760908,0.2135543791978421
-0.10209747765715517,-0.0006526701525723027,-0.022998569819742215,0.5025638913755927
0.028563392666500993,0.0035386794800162935,0.10546378051530125,-1.2683789334444195
-0.049867833061730385,0.6523571768054233,0.03669337301947974,-0.3722161543366238
0.08994942998870273,0.043931813902828555,0.18083903242721394,0.10348518147092757
0.004288292969488114,0.19454286447825203,-0.041605180323214655,-0.17383839940423254
0.12219170500902972,0.004929483393560756,0.011724466535363891,-0.00873891215787662
-0.39144280346282245,0.08272583848242308,0.07693482275603142,0.004621563923118559
0.18262954080713167,-0.9585149443609075,-0.3022426134646332,0.3662163275420816
-0.06727454657986011,0.1372279252074166,0.269864928225038,0.10617064235187225
0.028838718781627325,-0.050824217572873906,-0.031695981687533153,0.008384419996842371
-0.045668113768175894,0.021871854332234084,0.028621459368745696,-0.09121666174865813
0.012775922069920682,-0.03459699429959333,0.25382013336328674,0.5184624936445591
-0.006647820771112874,0.010621600180709258,-0.0047903082354608835,-0.09163978232737854
-0.6959537939609931,-0.0020155389625577595,0.01723626665319425,-0.005675104125524619
0.20135828218326002,-0.5760156460934649,-0.4166027852343347,0.06020169599157894
-0.056438315210124115,0.15213499563894528,0.24609474651012303,0.08308031401007722
0.08135671741330047,-0.1281295883173714,-0.03609949979131259,0.3881340170865336
-0.02270614159296182,0.07859480485191861,0.05099908521843092,-0.055279854293782064
0.7198295362630887,-0.030110155500404828,-0.8557252126805497,-0.7241807488735407
-0.11138995210946145,-0.3139008028548427,0.4466361981731725,0.43714859597497013
0.05774947902775445,-0.09503922480390056,-0.09533300257620644,0.0873262314831866
-0.03092602188370104,-0.7528316060229489,-0.733958075234482,-0.08979391551283501
0.009090758188031869,-0.010470309600355754,-0.019882482366293038,-0.09034082121330288
-0.13712808504933183,0.0054422573022672675,1.5385178455520478,1.1591756756832254
0.07832444981480649,-0.09812096872822855,0.593964011535492,0.5686326334542648
0.3491822223577541,-1.0226941754302339,-0.1400934736930252,0.5180140343210727
-0.047690224275600546,0.26411360556988955,0.2221969535578589,0.24919803902050622
0.38169158197715886,-0.04646608807611987,0.13291865117805152,0.048484604531213324
-0.11214537716178469,0.29583997624993047,-0.10383394722574427,-1.1198694330368186
0.03249429403609652,-0.23848075258693271,-0.2784783731192078,-0.03144493748295928
-0.03092767048331579,0.015088344422849741,0.06558958742563287,0.8634523754784312
0.01886892029484668,0.007290124179871894,-0.019737448563595567,0.05883896696134352
-0.0006160944403861869,-0.035654558325099915,-1.2682798959479364,-0.8688586508008389
0.00013358872857094053,-0.33564848626165156,-0.2439355506897619,0.029555520540866836
-0.007695640562472578,0.029486193760934757,-1.414261168034641,-0.6348901654821542
0.0016999315289821448,-0.06782009687852016,-0.22351385431121726,-0.11832530983016579
-0.08040490992264991,-0.002704961291857878,0.0010945560126079952,0.002509090320020624
-0.1744598680217051,0.6668761285445213,-0.03913886104703491,-0.4319910211040856
0.04851794267919676,-0.12132862185230837,-0.12688775615850678,0.027977916127465828
-0.02001524901700588,-0.050891052129973385,-0.23685669604621387,-0.20123512650041395
0.004086371727780407,-0.03589839390347053,-0.035425249667204776,-0.006678103323978052
0.1119089381698328,0.009810769695277827,-0.1255487493169034,0.2878091678838781
-0.49888794186103935,0.11065801899662953,-0.12302708781610622,-0.15042824317815828
0.16308271552968595,-0.3838598849650382,-0.320737078968083,0.004226669214655856
-0.041567479410352985,0.11876116947047427,-0.0495194530852997,-4.099044221879981
-0.027407960220251028,0.7631602802387821,-0.025268955862486273,-0.08316498693062813
1.2525093231717717,-0.02075315193088362,0.04068995379771401,1.872603170002405
-0.4303911251935152,1.0381264112305375,0.587868283685992,-0.7669572570072064
-0.3995748780633395,-0.548105425012499,-0.2671201215281919,0.20103921031568373
0.09692918782331118,1.4969556965485293,-0.22644470187798307,-1.0701149671938497
-0.01145134594776694,0.28977385615408935,0.7861348275454771,1.2681883710510966
-0.1743121117097898,-0.7582400469071838,0.013016200579366779,0.4721639236529067
0.049087045830417425,-0.13234537564610002,-0.11205896401469942,0.004204446661221287
-0.01924656545484204,0.04303331660852839,-0.035478090659748725,0.11708235626230411
0.2089108059935856,0.05373780026355851,-0.04630596106715949,-0.8111471126632507
-0.061019958255978335,0.15809338419895333,0.14205112812551235,0.008300723228274241
-0.7293084943983146,0.4246361137649902,-0.03925362082090268,-0.41916617374648846
-0.1372691343729584,-0.5670553513360737,-0.4418238777694598,0.33710142039434005
0.039986398076282584,-0.1268961890087625,0.4346353945264463,0.38680144821448953
0.009851328804822432,0.030297870656583997,0.17772220779029055,0.056422772641523025
0.005646839224767169,-0.09654397467111757,0.03338808557050396,0.07736429964513784
-0.11069039139853942,-0.07515582730866194,0.25937943417308107,0.22805159724761787
-0.0028211473892383807,-0.08335278935123912,-0.20244849670798032,-0.09375976945719458
0.000792727926666538,0.40832127032942,-0.057131727392148855,0.1027823853225936
0.08591530069555907,0.0024431311122606932,-0.37661448705613704,-0.10226259431265458
-0.024092263326693304,1.585155954720079,0.6235774537905827,-0.48297810038541966
-0.43759022323711555,0.11677048828855899,-0.04453735518154943,-0.08333417815969348
0.48193764885179974,0.057071933252100304,-0.26476437607984127,-0.19239635398461497
-0.1375070269310262,0.36492055822220426,0.413061623859059,-0.07446748282567153
-0.13044826424906136,-0.1038381144805745,-0.07475758107998025,0.020649038906023168
0.043067548825908276,0.08727505342821809,-0.10018671103032126,-0.12444811943889164
-0.0022560136050788285,-0.26074437542712126,-0.2796042761226331,0.1603173367135151
0.0071966306023401394,0.03628772903725304,-0.025831187732237595,0.13106914229406785
-0.11291895735855767,-0.08306592234979004,0.11713076566159521,0.10120428156590214
0.07077498630037873,0.009918238068470281,-0.07197850306894252,-0.005050321186494483
0.057810436641353956,0.08392121683793935,-2.2357403776438183,-1.8904670415877334
-0.03485192541433581,0.04478069344401375,-0.4721709277919036,-0.36258586776326035
0.04204011520344754,0.11797114624627178,-0.019705251565113317,-0.05109124501206389
1.6644193799765157,0.3509122930781213,0.0981383860120415,-0.14292678367611014
-0.46717390977673273,1.3290545461388605,1.0695370751918298,0.2770944895373886
0.1185131642486135,-0.2919944692572439,-0.3003460994094841,-0.1565299810684867
0.03804808991283624,0.08953122781513213,0.2854915569808585,0.1491289649873284
-0.009884351178007535,0.028826849596001344,-0.4694159721269759,0.028757408854903188
0.023274540178836546,0.026114587304471873,-0.00726905039387655,-0.22355279412765477
-0.1849395845727158,0.04742394185266875,0.0373935425368323,-3.3317275685512784
0.38447620602729454,-0.6870706839067333,-0.15411720179211766,0.02958327155909335
-0.12987455551512692,0.2641066808759092,0.24718076283794346,0.4131942338584814
0.03502054506455468,-0.09796218696101336,-0.08372328327167086,-1.4736557015660245
-0.33314623663990833,-0.020309261739933186,0.06494798697427782,-0.13170569132955334
-0.7461721462692396,0.2524532482640514,-0.23513950289646324,-0.44742309301440997
0.16606587855902585,-0.6668797790018929,-0.47931566595465186,-0.019583748040096882
-0.8264771246952994,0.12545855980306822,0.10781337897284028,-0.19552881209646855
0.21420781646732598,-0.6142459006225689,-0.6382545023978827,-0.08144979732369748
-0.0656102280220046,0.23561563329051777,-0.01936918713235028,-0.15964750653101786
-0.1418910804910039,0.11668551221978996,-0.031778063797012444,-0.05343885516399778
0.9353419203747744,-0.18211626267123257,-0.45796788524614884,-0.7548181340745945
-0.24966525699889272,0.6268091452064228,0.13811495814794095,-0.2855010417065415
0.05229963219833404,0.08412840663541526,-0.08599775966149589,-0.0890664265059265
-0.01318444725493646,0.04227814844283525,-0.12629522247803332,-0.19121819474352617
1.3544053641780178,-0.012294167565428017,-0.008876522840422417,0.02354102842185688
-0.6301147717859369,0.9774277601380391,0.9691325782510957,0.11352067451225596
0.19766748346132784,-0.4757660357067508,-0.0389200410235262,-0.029657241604818807
0.19830647886404174,0.1417748397393365,0.10649757809347393,-0.009777705762852508
-0.4829398047271614,0.14955454465169493,0.12922066677392385,0.1814416305376767
0.13247347496860837,-0.6850025747285766,-0.38125251404294447,-0.34830960254247845
-0.3139191070462687,0.10090874854387684,0.08519827731131702,0.005299193677193514
0.10004538406378347,-0.3210283998669187,-0.20165942765151468,0.07349373739812051
-0.02831599282889742,0.11544633589201235,0.07158352866790547,0.8398368666255515
0.405401741297544,2.0232930563369544,0.019245018089625823,-1.2155462021298447
-0.26781850917851424,0.5952480870389116,0.2603442868855818,-0.17562720770540022
0.017607391729784358,-0.1994854220429487,-0.16130742481172172,-0.02714531105615365
-0.004913190823631244,0.009758325056087048,-0.41732537342207476,-0.3036283784893735
0.16043047293588175,-0.004286287123938745,0.11321482925597703,-0.049435952985821804
-0.0449670386920268,0.12421466596205223,0.007626519318450195,-0.0110528985590038
-0.04108882828314693,-0.4522806352866391,0.16295587662716418,0.3921044451232814
0.011584333196321185,-0.028356469860465614,-0.022237050223255794,0.021726789116247133
0.011305082391256795,0.02279475995182719,0.046662907630333324,0.03177955259766564
1.0001980054348159,0.1350825273578491,-0.033687236547551964,-0.09062031535643933
-0.2524076943941224,0.17035055932718135,0.6440273981235909,0.36217478224339206
0.11729404481460379,-0.234996998620358,-0.08348145717422852,-0.04860142411541757
0.0037950582962646418,0.12270143190917675,0.13553422530619064,0.01677926086312249
-0.001656001033623602,-0.06320687894244759,0.01017153011038265,-0.029543050033700197
0.7123297191492463,0.23557268312544147,0.002426883804995344,-0.12993212772452656
0.3200052314485608,0.5685423307987048,0.4703416316617831,-0.009770519152052239
-0.09042147246635537,0.6276840764845009,0.27582477467770306,-0.07519524285971252
-0.08646946895125819,-0.0689274668459431,-0.05828262343627173,-0.2845420739020542
0.02777678505588455,-0.04977193102441483,-0.05523243735580766,-0.20619659027896015
0.37178750225556256,0.03020602239536157,-0.02181784162351521,0.09753221966231984
-0.008300967887423391,0.3717775144161422,0.23902394752878628,-0.05511887642459971
-0.010866772670348388,-0.016259661496089064,0.000912599809759657,0.011771715590622095
0.15860714014689328,-0.008056073793464845,-0.1313745036997299,-0.0898111348505132
-0.23817020514173995,0.333080281682333,0.10278097413041822,-0.14603931595233324
0.06727122486214816,-0.17994642217346488,-0.19434707180959038,-0.05010059513730796
-0.01615070337549398,0.05080858316244607,-0.017585535238261646,-0.5381923989536102
-0.5443270001945993,0.11573907607376398,-0.010031191185807418,-0.07854724696446168
-2.5802207051726818,-0.5880463693239644,-0.3430778219712041,-0.3732283657978257
0.7230889377963889,-1.9493209720163147,-1.658655213339973,0.0001485776011121582
-0.20264072131200864,0.5892215954906346,0.31084634153726204,-0.14657801289561367
0.06880087125695562,-0.19985956368892982,-0.10197247501885287,-0.004110058220050207
-0.018160809089789724,-0.09096771110928553,-1.0530735095400083,-1.3799521945066742
0.35382199156002603,-0.014688728771133521,0.22739247854457273,0.17441485978654428
-0.1001835686576311,0.640872860322049,0.2600280366036246,-0.19355565862568203
0.6897629349914194,-0.07553473303954793,-0.11046745908333716,-0.015741936635664176
-0.1807292274314582,0.5223448550046693,0.4438280779551032,-0.040137786459564444
0.22290385935699553,-0.21748216746706878,-0.10913377838213852,0.057121558001594
0.029809551677353635,0.2233563377870086,0.0637320575964912,-0.09410090997163571
-0.010904187317337286,0.068923783935575,0.03544909080604061,-0.020609696925477056
0.0030580488972735314,0.21752699911068699,-0.018506591426734862,-0.15829464965611545
-0.0004891474084222623,-1.2841412035633468,0.025350015128251017,0.9174938272258624
0.001129708110751477,0.0008249268543543951,-0.015534721502441616,0.8477586666881259
0.03490804845999121,0.04857308624220373,0.0021884246546025553,0.18130626008676423
-0.011420546048427585,0.29241696682325513,0.014180977541853712,-0.6177830264531032
0.7604590651790578,-0.008379313567461114,-0.04698969951888474,-0.05090818967863454
-0.0530681059142063,1.0410924274083775,1.2569479741726692,0.2872207806997376
-0.14598146554021804,0.07185323956971892,-0.13838115411839685,-0.10791435999836746
0.03848959948548006,1.0451731312785735,-0.09449993880065133,-0.4582666609601094
-0.30469815722077565,0.2676981666007714,0.05879257926584973,-0.06451580578145577
0.0865105227751137,-0.2310391009812593,-0.19682986464727864,-0.14965406663983413
-0.024284299970329628,0.08088691121515362,0.061441343721094624,0.6234345526347499
0.0036668792925634397,-0.382436748679104,0.035130409979418374,0.2572922812927005
-0.0010994120415813856,-0.3366726409268776,0.05112942836312499,0.24058460982467295
-0.036025412055819425,-0.0008536371192999444,-0.09425622305338795,-0.02153648323469659
0.10195985438572601,-0.02721550419601041,-0.023319932920311728,0.17197588433168445
-0.029237922756333697,0.06699386326224066,0.06894259730759941,0.009204579028558861
0.02574583481669873,-0.03762781400611441,0.23694053423456027,0.3020010401621344
-0.00812227205096562,-1.32521676679676,0.07642601780659117,0.8559001152051786
0.0031831957296532616,0.1296504974783128,-0.021528048925492024,-0.08671909763267091
0.0014313366065641345,0.4934751937601265,0.004347430145681378,-0.29616689242327326
0.1335172666606545,-0.12944300426321292,0.05867529327310136,0.05122112944580033
-0.03955349834660994,-0.05920589855547681,0.2776118398443442,0.21496380424005312
0.00931804974076947,-0.02915969423001931,-0.02534075460697775,0.3256384150529682
-0.0023720221653530577,0.04856657961607636,0.03572465550779432,-0.2259441893939066
-0.4798386096407943,1.0268602638269768,-0.4232306795741422,-1.928566667897135
0.026896143758599667,-0.9507820054645292,-0.30631215147440866,-2.6711963694570002
-0.04194548851130116,0.020321447795677322,0.0724174974001866,0.03931717890623897
-0.021429773787462338,0.05226842896521691,1.2290349981637432,0.8446122169859885
0.005258010418730823,-0.06705526499884208,0.8266863597321614,0.6238035157335283
-0.098305866993467,0.5868752599772369,-0.25227774559687915,-0.5802110267594102
-0.11347441351215631,-0.07850231759905554,-1.7394029384926268,-1.2160976163119182
-0.09067826288628213,-0.23023731531685415,-0.07359102888425746,0.16395206580479804
0.047501749982237586,-0.13420219954927148,-0.15960534575563182,-0.03263526848112797
-0.018842937338758872,-0.15261934839771885,0.05778148610222951,0.15522506806857325
0.1333227006684202,-0.0587920296565362,0.030931347889195958,0.05617036530032372
-0.02733730708070244,0.1070057652258616,0.1946527480252591,0.023277991034516957
-0.006850086593132501,0.051269815101542854,-0.017160377498189546,-0.061854848609858334
0.0018313893995452102,0.029394703028284827,0.0027939919147603543,-0.0142432800351064
1.3228571009798016,0.18415165618385368,0.28164207689829807,0.1460981917136766
-0.3697122433885929,1.0011698777059126,0.8571807877866652,0.0037371614366965935
0.4032292807760047,0.16912046341140152,-0.17225991466740748,-1.0372841829978547
-0.11298895822966787,0.7995728456411646,0.0021370420449507987,-0.48037109138391215
0.8291634206036643,-0.08051625028353168,-0.10279657541504805,-0.02425210296903602
-0.2589525707916924,0.6042131735410412,0.5330609703866881,-0.02494838136222166
-0.2356604630227208,0.37840991157263265,-0.17179364782285322,-0.3929125941549228
0.07521308323696027,-0.14967539124591547,1.1962981827992685,1.1375825493980591
0.05279434753531722,0.055685342088195415,-1.5685548159445297,-0.6082699615298358
-0.014798288194143791,0.04236027425062722,0.03579604523738473,-0.0080036694402655
-0.0598764560026919,-0.06127075911857367,-0.01272270232409486,0.09349235606526546
0.016783259215373495,-0.0472118055791845,-0.9403360133700459,-0.6913615238368596
0.05103368867171896,0.012680079607537175,0.01078544912178578,0.0042459107335096205
-0.00971089932853283,0.09839554617689476,0.027892927235772413,-0.0372301574852614
4.109660429701898,2.422342275102159,-0.14507663236453794,-1.5738182911181136
-1.1520128967494665,3.1120662161985755,1.816988803254558,-1.3275825655567062
0.3872466314904346,-0.8707884160302649,-1.2212896922594623,0.03380745759189385
-1.9190454827855252,0.292693525887229,0.37475506797751956,0.0826820400727217
0.5744390372254656,-1.471734628224511,-1.29593535964168,0.003409860482928115
-0.16508222947832168,0.3602900662784665,0.34541641532164796,0.06100152405951988
0.06481310324411982,-0.08040195704404518,-0.10222782221497911,-0.024114379045397552
-0.03633717270658541,0.0856524358249697,0.04789726641313078,0.15782833374723895
-0.006240475058378887,2.720523249185832,-0.014225941194670985,-1.7211138352033504
0.0017625624016000682,0.47985765681370846,-0.00692839730251415,-0.2890795130801955
0.19085172005659642,0.0013432514321105836,-0.14941830137807288,0.06958539870237423
-0.08000822489400716,0.06343047048971102,0.2307915554173698,-0.4360804702830517
0.12399670438766472,-0.005891354131883755,-0.04930053355502001,-0.045627976456302205
-1.0174723114583804,-0.038695275022425035,0.5767601681873286,0.4346898094868025
0.4284974699706722,-0.050082417051354855,-0.686855999354334,-0.4685782823243124
-0.1305346344133856,0.3238832761098544,0.27796419011090917,-0.2901862589140989
-1.0612786717585156,0.136352746307161,0.3741391243009665,0.3057475542483796
0.08982651371321915,-1.5620505487153555,-0.6763211668229516,0.5179710867402519
-0.13806978401538583,0.12978976180086155,0.06886061790099,-0.01785391393557709
0.08054759945740743,-0.041346840858660486,-0.10793626764741185,-0.4829304821086403
0.18567012881790781,0.06068464842415025,0.05886888665566445,0.0035771525123788695
0.4296333140103752,0.1542212573825873,0.11927787180738429,-0.19115863496075708
-0.32129256899627234,0.30992058052301025,0.31311151655778724,0.015701055047951964
0.23249344312572093,-0.2197899217727193,-0.2983863362413338,-0.10490665326018425
-0.17928186596579254,0.14753766547189548,-0.4736417359016112,-0.5025774182832498
0.05014148992343665,-0.1358063871910692,-0.1276108878435225,0.010962383532985846
-0.014034273218376494,-0.13602799512251376,0.267799941093348,0.2885545885246595
-0.05331699511246358,-0.010602809460169981,-0.005458035757078403,-0.19982225453174288
0.014943684940896032,-0.6638796404481181,0.016130937949318136,0.41465290002182265
-0.040864323454946984,0.2883529958478658,0.49175621347394466,0.09487574695371745
-0.056117585867847826,-0.030841850541036275,-0.3589171777570719,-0.23769519500801994
0.015703723255442184,-0.050022440683418046,0.23781686726064005,0.5650143470367447
-0.004403861056514503,-0.5918381936435675,0.014651646286369707,0.14133029869964847
0.0005929233128818296,-0.18809225486208345,-0.003690893692264818,0.8921444738527173
-0.0274841214827911,-0.07056146900285859,-0.04379171833723031,-0.41247654363038777
0.007032066143327494,-0.03298685466121381,-0.05342603758274882,-0.018084331017483257
-0.06319186010914186,0.026409716604312065,0.004087181589115349,-0.013207250589078814
-0.32116926351971425,-0.047985961718675654,-0.04062165832176748,0.1629500296962358
0.12286332870575242,-0.2582679567831145,-0.20629773649856842,0.23901071604454963
-0.013156987781646066,-1.0827199507844973,-0.41956244556218725,0.2679764737763321
0.002829549680952463,-0.2742310372700667,-0.008412456936589973,0.9508011107231328
-0.4312891755235662,-0.01009572582927148,-0.0015563372898497706,0.08332858040083785
-0.09492891568952581,-0.327711694092832,-0.2771109714231898,0.018533390853748357
0.19156739651499316,0.8490875853668464,-0.06169699628476005,-0.7225689131272172
-0.040908301705957155,0.12054626544285336,0.12315744606731266,-0.004939734260717487
-0.010146979200928415,-0.029123803834770243,-0.021806591245994853,-0.023167830435644507
0.16331322654630973,-0.008120414409064497,-0.0041184773857118025,0.04093667486603485
-0.2577194292411047,0.06504210538474653,-0.14797068795876944,-0.14510518652390092
-0.06082559586377463,-0.11275502367837584,-0.15934448759754818,-0.1117025416020947
0.012660332199809578,0.12242856777177079,-0.3963944548250534,-0.35703559027832027
-0.007199602191311158,-0.010518713638045393,0.01342954382605354,0.008984891515512437
0.0015757389501091352,-0.006112622141343837,0.06629805526999358,-0.22690533915305414
-0.023634718030238207,0.0024680170897861545,-0.01748708692508601,-0.06643826374290918
0.006642441935318858,-0.2899109807822531,-0.35633394745828184,-0.45898003182891045
-0.030264671706754568,0.0038529182036272066,0.003740571610690738,-0.25143794578360557
0.008494184203006155,-0.022964633255010834,-0.38404655775149277,-0.09845257026256127
0.11350675775520574,-0.3303070462864678,-0.034911129369292096,0.2723655088503237
1.4090796518465547,0.0757299233053623,0.0705220692569037,-0.7572205703259443
-0.32263194896934533,1.158944808827227,0.9052546831180202,-0.09082628192781818
-0.3613644433762401,-0.23830615975005054,-0.30885962162558955,-0.07558603409291073
0.10381198360842185,-0.2743009029719615,-0.22453180242232232,-0.05108605315571647
-0.09545730066206917,0.16101519386532442,-0.08815480246372615,-0.06024468546551018
0.048109010604700686,-0.059196647815081785,-0.014014057152579994,0.1773213069307485
-0.0819495287732705,0.42207368701544035,0.05757691569575221,-0.5866365619619295
0.19196696796869409,0.1955316531122,-0.04827575719538345,-0.16639497818768725
-0.07415053208700402,0.14509404127943418,0.1483398155473489,0.5046136624210549
0.37634521655196684,-0.06217870141581968,0.047997358718382364,0.06972987042774735
0.047944203212161585,-0.008674701668099694,0.33715963559227385,-0.8273355069620016
0.6521838837407626,-0.13220929597946993,0.030822542180790058,-0.10386756270391916
-0.780317972236504,0.4822224550475779,0.47150605479832647,0.09361908739931302
0.06713217575730326,-0.4371040420313542,-0.5032587079029854,-0.025139387923876003
-0.010353258094208078,0.015577289722866157,0.6403603024593341,-0.324556530106308
0.0029021513728682657,0.0029807625500027843,-0.006593915734397372,-0.004349887415466087
0.06690412620792793,0.0021909954892541162,-0.011878856594057458,-0.009848776304509674
0.036368017617645056,0.22502294959346242,0.04300447890217612,-0.16319520204562957
-0.218854729638876,0.3881313977480135,-0.17283737002677874,-0.3800093992404524
-0.6953608728819658,-0.16420689441173836,-0.12925530536076021,-0.19320628518784852
0.19476835828169628,-0.6700368299987569,-0.4510942233114976,0.07001860882811783
-0.1272399053050296,0.1774049841010698,0.12521747613035214,1.1298937415136843
0.1211652313360776,-0.08840321885872982,-0.08456225250961881,0.012585804346598069
0.6016574094771624,0.14734569624657157,0.6865018738334315,0.39738402769306874
0.5451650428948018,0.007040157757311483,0.38681273201478533,0.31643598657866234
-0.14136916702307983,0.09861277837763283,0.4077007109015718,0.22134814908563336
0.0179108606007386,-0.023502517280237695,-0.050926283620205466,0.033078697862603604
0.021510646826995074,0.08075585757810935,0.04843033742560519,-0.006808031636808069
-0.02404932706695036,-0.21549582386137847,0.1722688842447892,0.3003237117176611
0.05866033486424682,-0.01818145919776907,-0.015601347533842633,-0.006510899591661577
0.15289914161060889,0.1428109997237164,0.03815401205682239,0.19634235530699684
-0.07069085236468653,0.11553212693443367,0.08910430371669319,-0.006561367697080526
1.0763875184296035,-0.04839667084705744,-0.04562573085799131,-0.0025509236702151647
-0.3205657271653023,1.5515404081759148,1.063438363604269,-0.0799245047495187
0.0894737223129211,-0.03369237892548321,-0.20613469869288673,0.27157780006040855
0.0838386552867261,-0.2540999350932119,-0.4333645860526673,-0.15404034217331808
-0.010652621976587884,0.06665042580215969,0.34363116532875104,0.1995134615352725
0.18722341899418765,-0.06476625623989084,2.087487827984432,1.5288571697164646
-0.6541597898532496,-0.10579689898343539,0.10636203833355193,0.2318939363168176
0.18334203102613486,0.18140477843509972,-0.622045530230068,-0.4723842614790766
0.09784900990859124,0.18375574870128947,0.1354921384347348,0.046851893626866814
0.059300744785202766,0.06732358550875411,-0.029822965488774583,-0.06136535276629976
2.241586933491041,-0.20508933788010153,0.06579685835162555,0.17662917497312206
-0.49626683483063133,1.6505602793564573,1.6832192859116588,0.3980767177674549
0.13904461267104679,-0.2985192802729501,-0.4255658228072216,-0.12520252624278674
-0.038831156644316134,0.07221512808097016,0.19941992563294392,-0.0022685597487784592
-0.0012501936752572097,-0.1266731450795085,-0.024968332479042715,-0.12698259521981564
-0.408915092011278,-0.00742669008199834,0.3984718973627115,0.09895929993932462
0.07842388038269965,-0.5793037259006777,-0.26287387739120543,0.2489858325432898
-0.01339888810118508,0.8089575608696342,0.05316957942328476,-0.4498992568679387
0.018628962015939336,-0.01052936119634147,-0.049307680086058646,-0.031376209883032795
0.006120632271886,0.04398173654591397,0.011949666823235887,-0.018101271833556244
0.05512614480141627,-0.07545158152508703,0.004034311408432068,-0.35448103090238964
-0.014928070991737413,0.05682615699110166,0.025119754981693422,-2.5881840001777414
0.0018939778887071645,-0.018430004562245812,-0.009624439713202987,-0.20646699612840752
0.7299713076996213,-0.0026516757862113166,-0.09789373412688729,-0.16545728489514314
-0.2112043199102352,-0.1660494810280454,0.7765931676553308,0.6542388069828905
0.06940715584555204,-0.15951067425102144,-0.14492377615750404,1.2729776456029787
0.00658101414071054,-0.026977707712935575,0.018613177389067207,-0.0863213235296883
0.019723966313406133,0.011369300362924651,0.004726071561563871,-0.0033984705608052484
-0.005592857621402422,-0.03158569731466401,0.09888394048423456,0.08833216900690243
-0.11654478464316932,-0.25450701676570947,0.03641582876450834,0.17077130474351848
-0.11921899971441084,-0.08800693372993731,-0.18917916189467704,-0.13500882255076607
0.13161589653763286,-0.13168815192062122,-0.7750794749105061,-0.4529425026234943
-0.041510752437698875,0.09841405355219365,-0.11304298027617384,-0.14092472274518103
-0.010077109854094369,-0.016320461315380293,-0.6645092162591901,-0.5876830285796765
-0.036111894364199607,0.12883697017885073,0.8261143082320873,1.4091301843185327
-0.1647227850102709,0.017405590965801715,0.04787413400573308,0.2392780817651954
0.04592070647312987,-0.18865792695738426,-0.2602901751293454,-0.06741393751158721
-0.17875914113481606,0.07484361026629735,0.047463841981924694,0.04467641459756134
0.05011459740563548,-0.1090368172181236,-0.30769763712017917,-0.154872234752028
-0.01401156244024081,0.10165268277013925,-0.23262132682853665,0.1803830954565891
0.20845950808721567,0.0027541012799013817,0.07546923304791692,-0.47090130305436845
-0.059586612925711914,0.35437920526536293,0.3270007617974396,0.018105722150393768
0.006176572813620655,0.45268221502957817,0.5428152968979112,-0.23298176069739934
-0.0016983723373490036,0.0018523687527577013,0.007474466430997074,0.034967167920807035
0.0006714909250532173,-0.004375917616327984,-0.0011991205821301708,-0.001181115078439454
-0.048764615160702816,0.0033896475509553716,0.04254471639513418,0.029251970902826066
-0.14761806180361742,0.01974698895447688,0.4114987477966161,0.25059193378200173
-0.18056404515348093,-0.11206356196567736,-0.09490433957118093,-0.0012089493297531822
0.5747370983274838,-0.13637561574501708,-0.11181124649669631,-0.006377471022216098
-0.14239581893363587,0.44243892802065654,0.4160398839800309,0.028191469950960273
0.07732497768563457,-0.1264295813921321,-0.09241779826574459,0.01050943818622094
0.2343033447970772,0.05836730563962768,0.049978005485933306,-0.16841849087505711
-0.5703256778143164,0.17659193599305004,0.1506339204766244,-0.002212229650624828
0.15983604609545488,-0.5593622304529703,-0.36777229338285994,0.018493538112762387
-0.17341607713856486,0.179068431993057,0.09717736557112037,-0.048830857547253324
0.04887903934518594,-0.0860567285741216,-0.10808287006147313,-0.44951566593433984
1.3086265359846443,0.03680140845198087,0.38843547630493075,0.2545253534894434
-0.3670560333919277,1.0262688959627317,0.8408026024374138,-1.7248895488059526
0.2685266300783783,-0.241922516593513,-1.0435249963313917,-0.5459487395589848
-0.06402107814780332,0.19330336869126033,0.17261655295091916,-0.028961694403188964
0.8499687279943526,-0.05451852283821129,-0.04115968119471245,0.010765354376530905
-0.2402237657088309,0.5717305140135506,0.39428787517111696,-0.09128506691726496
0.7749735735252599,-0.8251431283956345,-0.22200309501301063,0.25052983554711694
-0.21722131400038627,0.5873986714543115,0.3361368363302131,-0.11617317440265465
0.3617260381327423,-0.17693347220770794,0.08537384147994187,-1.2470984230940643
-0.11081925431308147,0.07167266746421455,0.051174915236086777,-0.009525850510331535
0.031066515309135415,0.09956161281607191,-0.07124834425456916,-0.11116039752350257
-0.039641897515572885,0.029329223384921006,-0.13535695188839425,-0.114989779868907
0.19418681455848352,-0.1126366851369455,-0.03436934910068956,0.8726771968954782
-0.09518110968304035,0.3238243791525315,-2.0369179673876525,-1.4929196536460534
0.10255543717798868,-1.5133787049846752,-0.1771510032336652,0.8550440594428046
-0.17560619876228625,0.4518899344365662,0.06884746692099449,-0.22658875614006826
-0.12968989004832993,0.9435549628982679,0.09983147085900679,-0.5101351989075054
-0.4315568922654442,-0.1393278189475033,-0.08359064717631698,0.024882664000652487
-0.005141547320942755,1.8645017112709827,-0.2785377915767301,-1.3324523856890254
-0.04257593899178398,-0.06644774059735568,-0.04424456292481286,0.019657603736309884
0.0821104891520037,-0.032162872724317094,-0.03771256642856971,-0.0014528936452671212
-0.023031250785513584,0.23237999663063327,0.05286434885509139,-0.17138200610225424
0.005921484330344813,-0.017389913859797507,-0.016689185835036584,0.014824235011815333
-0.055390949447538015,-0.03974870965251747,0.00923241151951944,0.039676490056858846
0.015465434058794424,-0.042173243818681476,-0.06099418253903797,-0.0017367231683582986
0.09322134118731217,0.008141704718902363,0.010272326063462407,0.1318043779564005
-0.026284752887749875,0.02989368360184455,0.06478009082285081,1.982741824259924
-0.011126251820957889,-0.02107971458339538,-0.5693471863561318,-0.3797001076815364
-0.06444835141854013,-0.00832572964823326,-0.007380991126523668,-0.00014975811631728105
-0.1084147581530355,-0.14255941527871482,-0.1097670568696518,0.22434027011504776
0.01706039781533114,-0.14207426878442625,-0.06979830880931079,-0.7614281946306672
-0.041379422961476314,0.006968488791734454,-0.0007064312029310856,0.1159217732201428
0.041998753813922186,-0.23278374800507015,-0.2202578187687553,-0.01544555699070324
-0.29778916236156644,0.026510429498075812,0.026959219661685657,0.003091390671264555
-0.17761871225003384,1.2415175464467523,0.7515425765279631,-0.21891974143653806
-0.1511297682429562,-0.10118985794354024,-0.11460461127790715,-0.020420560718645443
1.193458504005906,-0.11281764028633143,0.0045221207099548355,0.2503358468126953
-0.3350919060648229,0.9017438427256917,0.7665637941181496,0.1078720487305947
-1.0274438142937972,-0.295142562841752,-0.15776809163481526,0.2596304987014772
0.38323859759457085,-0.7775398337801658,-0.7421533763201758,-0.10599462094262321
-0.07632856780324257,0.253323650601165,0.4025305401724646,0.1333857223510839
-0.1367741313895137,-0.44379266261129113,-0.09100200596483254,0.1608986803919109
0.05198477688744547,-0.10062967563119465,0.04406669605030902,0.4894846105327812
-0.12502449675097488,0.03302781833074512,0.034069636611522056,0.03284421268759058
0.04069692689750093,-0.1315895653172086,-0.07013517772738675,0.01634471240412806
0.23781326249403784,-1.5849810048453363,0.026206967142384286,1.2455999898619066
-0.059548963394844105,-0.15358451829719058,0.2750890773233648,0.2886105655922671
-0.07779970261367213,-0.062255324354492755,-0.41584341298473876,-0.27130429231772174
0.03245240634182605,-0.16140620615963303,-0.0443246881828985,0.13758272348984352
-0.009087736275337236,-0.027844542761541913,0.02884593530389086,0.31850759639041587
0.006969109201616752,-0.00651392401276926,-0.13094182719487657,-0.09118218362873567
-0.0011469470174380039,-0.11261198505589426,0.009350481831651922,0.07726462227781498
0.22506516417095115,-0.05087422781638493,0.0016564057852786335,0.027401244355969002
-0.0408616746336388,0.17172498620535662,-0.046949524883907245,-0.2050709949546916
-0.06808803367384841,-0.01845641769856113,-0.03183621237563568,0.347288100079033
0.43089661186666994,-0.04943902286440673,-0.043774544743754445,0.3134108365798344
-0.12063925453235562,0.32405200019354624,0.2609829922812118,-0.11385104480634706
0.06410231829507758,-0.09878685047283496,-0.08423401959799189,0.2407528918858112
0.3281057476477352,0.07001691774638573,0.041214202527656264,-0.024233721975938725
-0.0915316664589759,0.23857274027105266,-0.12323555723694621,-0.06389676267488945
-0.3398763430175994,-0.07521177887843503,-0.060140371673676,0.013660240869128629
0.43757096360287023,-0.331291616366647,-0.21971605137578668,-0.2243154549788336
-0.12257014134452829,-0.2550083756355175,0.2805856197904451,0.12817019483307723
0.013707760183481361,0.8373909738837909,-0.10907142306225635,-0.5853487108447373
-0.004234757894652513,0.10259540599484733,-0.03038922241994236,-0.10677972577782653
-0.21150343011815342,0.07922174663260913,-0.06805277731390537,-0.10713741509806728
0.32558627204834106,-0.7529483280444332,-0.13575237482597657,0.3828122778016728
-0.09194092750889662,0.6249359107559558,0.2093525204973652,-0.23222487148718546
0.02364781207933497,-0.06222896652578187,-0.2517967946999979,-0.12789267614769323
0.06446866323239911,0.004695070446103556,-0.059087618559935655,-0.04510505160349658
-0.8721213112473174,0.05892594432733756,0.045629213986798464,-0.005964997014965663
0.24487063772426887,-0.7796172791900289,-0.5605990004072264,-0.2469498747084683
-0.3286522623578183,0.19369353543546608,0.3927093197462991,0.1625097460226276
0.05154570966592174,-0.26650864812207953,-0.2403614296487748,-1.3056250049685152
-0.016241424057213485,-1.4915721564199818,0.03312967810222209,1.1685857700078548
-0.03840413808382622,-0.030311105899271593,-0.010441969424085753,0.010682488664737677
-0.3015746287856744,-0.023212746088487696,-0.005535404126674262,0.9597619538968715
0.08333618010781224,-0.12855109200706358,-0.4149276817974295,-0.014988315882035613
-0.01036533887934924,-0.22628542091512222,0.34185675372919044,0.43696050788203444
-0.8978268108287777,-0.18111269489397694,-0.21644890599797068,0.022258195302943568
0.25210578102503917,-0.6788417964379461,-1.0846862475006773,1.2304351590340912
-0.34677187398067333,0.1896932549157221,0.16204446730291433,0.000509491866309225
0.09734769739708704,-0.3520882227942019,-0.16696215806259887,0.13144302695243668
0.10687991340925167,0.05357401800671663,0.06278272699229834,-0.030767070770758152
-0.017323187276732384,0.7719231229633416,0.060114623816333326,-0.43178917842461256
0.06515461085244903,-0.11939393468971636,0.31317711967677453,0.65961051629832
0.10845180023137083,-0.12154809848832931,-0.025708685958864122,0.10079591909454017
-0.04355972134051877,-0.06476815400951576,0.06972864219722848,-3.1545808215887177
-0.14024662145196926,-0.03342556276203515,-0.02449805717158133,0.002795903604586404
-1.1298120098343332,-0.12893418803674062,-0.09112277410158597,-0.23711810861852137
0.27794147358366766,-0.8384201345523188,-0.30782720064248564,0.2926509874400582
-0.06244330236391424,0.19866831942412963,1.0701678969034751,0.6426905815124876
-0.5584809341329504,-0.11647099686189478,0.012183262743886918,0.17003946180942106
0.15225031272634013,-0.4216736758903077,-0.30452941679860757,0.04086736603731731
-0.02152712918890799,0.11503185705901829,0.09384717446827241,0.0009612097359511761
0.014408891036354282,0.3226832073440001,-0.009059271751186076,-0.20611198435805073
0.6455013364147169,0.010797200205240217,-0.2031062450520375,0.924072354600183
-0.18081974810011556,1.3973920286646728,0.4120667626582554,-0.906850223676607
0.04931122517616558,-0.19461096001885547,-0.11605046266234935,0.036468353644645665
-0.025711174543651426,0.03733090590511723,-0.018537527731188122,-0.7237000805675355
0.4181314738067599,-0.323484827572895,-0.01653002167959868,0.18455923712962932
-3.9295376047056876,1.0528071865595998,0.270343303940643,-0.6818960746710689
1.12801385495066,-2.968639435961828,-0.8994374706122819,1.160354972975116
-0.3160710415686437,0.8532499134896286,0.6835827026506048,-0.5695241553224237
0.09466269626258472,-0.24435971500135859,-0.6086693464652289,-0.2751642868641015
-0.014905461657605541,4.18081091438991,0.05551845816624395,-2.0821120316577066
